Scenario,Year,Road_ID_Name,Road_Type,Road_PCU_Volume,Capacity_Limit,VC_Ratio,Risk_Level,RF_Risk_Level,RF_Disagreement,First_High_Year,Capacity_Basis
Baseline 4.5%,2025,C-1_Recto,Circumferential,88725.0,138632.8,0.6400000577064014,Low,Low,False,2034,"Synthetic scenario, not measured"
Baseline 4.5%,2025,C-2_A.Mendoza,Circumferential,77826.2,125526.1,0.6200001433964729,Low,Low,False,2035,"Synthetic scenario, not measured"
Baseline 4.5%,2025,C-2_Pres.Quirino,Circumferential,164097.2,190810.7,0.8599999895184075,Medium,High,True,2028,"Synthetic scenario, not measured"
Baseline 4.5%,2025,C-3_Araneta_Ave,Circumferential,116106.5,152771.7,0.7600000523657195,Medium,Medium,False,2031,"Synthetic scenario, not measured"
Baseline 4.5%,2025,C-4_EDSA,Circumferential,334486.50000000006,334486.5,1.0000000000000002,High,High,False,2025,"Synthetic scenario, not measured"
Baseline 4.5%,2025,C-5_CP_Garcia,Circumferential,190725.9,211917.7,0.8999998584356096,Medium,Medium,False,2027,"Synthetic scenario, not measured"
Baseline 4.5%,2025,Marcos_Highway,Highway,223801.9,238087.1,0.9400001092037326,Medium,Medium,False,2026,"Synthetic scenario, not measured"
Baseline 4.5%,2025,McArthur_Highway,Highway,99045.90000000001,145655.7,0.6800001647721304,Low,Low,False,2033,"Synthetic scenario, not measured"
Baseline 4.5%,2025,R-10_Del_Pan,Radial,109662.90000000001,156661.3,0.6999999361680262,Low,Low,False,2032,"Synthetic scenario, not measured"
Baseline 4.5%,2025,R-1_Roxas_Blvd,Radial,164246.6,186643.9,0.879999828550518,Medium,Medium,False,2027,"Synthetic scenario, not measured"
Baseline 4.5%,2025,R-2_Taft_Ave,Radial,135988.6,165839.8,0.8199997829230379,Medium,High,True,2029,"Synthetic scenario, not measured"
Baseline 4.5%,2025,R-3_SSH,Radial,247143.1,257440.7,0.9600001087629112,High,Medium,True,2025,"Synthetic scenario, not measured"
Baseline 4.5%,2025,R-4_Shaw_Blvd,Radial,112264.40000000001,155922.8,0.7199998973851164,Medium,Low,True,2032,"Synthetic scenario, not measured"
Baseline 4.5%,2025,R-5_Ortigas_Ave,Radial,159652.69999999998,190062.7,0.8400001683654919,Medium,Medium,False,2028,"Synthetic scenario, not measured"
Baseline 4.5%,2025,R-6_Aurora_Blvd,Radial,115867.59999999999,156577.8,0.7400001788248398,Medium,Low,True,2031,"Synthetic scenario, not measured"
Baseline 4.5%,2025,R-6_Magsaysay_Blvd,Radial,131290.5,164113.1,0.8000001218671757,Medium,Low,True,2029,"Synthetic scenario, not measured"
Baseline 4.5%,2025,R-7_Commonwealth,Radial,330758.30000000005,337508.5,0.9799999111133498,High,High,False,2025,"Synthetic scenario, not measured"
Baseline 4.5%,2025,R-7_Quezon_Ave,Radial,203702.6,221415.9,0.9199998735411504,Medium,High,True,2026,"Synthetic scenario, not measured"
Baseline 4.5%,2025,R-8_A.Bonifacio,Radial,122671.9,157271.7,0.779999834681001,Medium,Low,True,2030,"Synthetic scenario, not measured"
Baseline 4.5%,2025,R-9_Rizal_Ave,Radial,90892.5,137715.9,0.660000043567954,Low,Low,False,2034,"Synthetic scenario, not measured"
Baseline 4.5%,2026,C-1_Recto,Circumferential,92717.625,138632.8,0.6688000603031895,Low,Low,False,2034,"Synthetic scenario, not measured"
Baseline 4.5%,2026,C-2_A.Mendoza,Circumferential,81328.379,125526.1,0.6479001498493142,Low,Low,False,2035,"Synthetic scenario, not measured"
Baseline 4.5%,2026,C-2_Pres.Quirino,Circumferential,171481.574,190810.7,0.8986999890467358,Medium,High,True,2028,"Synthetic scenario, not measured"
Baseline 4.5%,2026,C-3_Araneta_Ave,Circumferential,121331.2925,152771.7,0.7942000547221768,Medium,Medium,False,2031,"Synthetic scenario, not measured"
Baseline 4.5%,2026,C-4_EDSA,Circumferential,349538.39249999996,334486.5,1.045,High,High,False,2025,"Synthetic scenario, not measured"
Baseline 4.5%,2026,C-5_CP_Garcia,Circumferential,199308.56550000003,211917.7,0.9404998520652121,Medium,Medium,False,2027,"Synthetic scenario, not measured"
Baseline 4.5%,2026,Marcos_Highway,Highway,233872.98549999995,238087.1,0.9823001141179003,High,Medium,True,2026,"Synthetic scenario, not measured"
Baseline 4.5%,2026,McArthur_Highway,Highway,103502.96549999999,145655.7,0.7106001721868762,Medium,Low,True,2033,"Synthetic scenario, not measured"
Baseline 4.5%,2026,R-10_Del_Pan,Radial,114597.73049999998,156661.3,0.7314999332955873,Medium,Low,True,2032,"Synthetic scenario, not measured"
Baseline 4.5%,2026,R-1_Roxas_Blvd,Radial,171637.69700000001,186643.9,0.9195998208352912,Medium,Medium,False,2027,"Synthetic scenario, not measured"
Baseline 4.5%,2026,R-2_Taft_Ave,Radial,142108.087,165839.8,0.8568997731545746,Medium,High,True,2029,"Synthetic scenario, not measured"
Baseline 4.5%,2026,R-3_SSH,Radial,258264.53949999998,257440.7,1.0032001136572422,High,Medium,True,2025,"Synthetic scenario, not measured"
Baseline 4.5%,2026,R-4_Shaw_Blvd,Radial,117316.298,155922.8,0.7523998927674465,Medium,Low,True,2032,"Synthetic scenario, not measured"
Baseline 4.5%,2026,R-5_Ortigas_Ave,Radial,166837.07149999996,190062.7,0.8778001759419389,Medium,Medium,False,2028,"Synthetic scenario, not measured"
Baseline 4.5%,2026,R-6_Aurora_Blvd,Radial,121081.64199999998,156577.8,0.7733001868719575,Medium,Low,True,2031,"Synthetic scenario, not measured"
Baseline 4.5%,2026,R-6_Magsaysay_Blvd,Radial,137198.5725,164113.1,0.8360001273511987,Medium,Low,True,2029,"Synthetic scenario, not measured"
Baseline 4.5%,2026,R-7_Commonwealth,Radial,345642.4234999999,337508.5,1.0240999071134502,High,High,False,2025,"Synthetic scenario, not measured"
Baseline 4.5%,2026,R-7_Quezon_Ave,Radial,212869.217,221415.9,0.9613998678505022,High,High,False,2026,"Synthetic scenario, not measured"
Baseline 4.5%,2026,R-8_A.Bonifacio,Radial,128192.13549999999,157271.7,0.815099827241646,Medium,Medium,False,2030,"Synthetic scenario, not measured"
Baseline 4.5%,2026,R-9_Rizal_Ave,Radial,94982.66249999998,137715.9,0.6897000455285118,Low,Low,False,2034,"Synthetic scenario, not measured"
Baseline 4.5%,2027,C-1_Recto,Circumferential,96889.918125,138632.8,0.6988960630168329,Low,Low,False,2034,"Synthetic scenario, not measured"
Baseline 4.5%,2027,C-2_A.Mendoza,Circumferential,84988.15605499998,125526.1,0.6770556565925332,Low,Low,False,2035,"Synthetic scenario, not measured"
Baseline 4.5%,2027,C-2_Pres.Quirino,Circumferential,179198.24482999998,190810.7,0.9391414885538388,Medium,High,True,2028,"Synthetic scenario, not measured"
Baseline 4.5%,2027,C-3_Araneta_Ave,Circumferential,126791.20066249998,152771.7,0.8299390571846748,Medium,Medium,False,2031,"Synthetic scenario, not measured"
Baseline 4.5%,2027,C-4_EDSA,Circumferential,365267.62016249995,334486.5,1.0920249999999998,High,High,False,2025,"Synthetic scenario, not measured"
Baseline 4.5%,2027,C-5_CP_Garcia,Circumferential,208277.45094749995,211917.7,0.9828223454081464,High,Medium,True,2027,"Synthetic scenario, not measured"
Baseline 4.5%,2027,Marcos_Highway,Highway,244397.26984749996,238087.1,1.026503619253206,High,Medium,True,2026,"Synthetic scenario, not measured"
Baseline 4.5%,2027,McArthur_Highway,Highway,108160.59894749998,145655.7,0.7425771799352856,Medium,Low,True,2033,"Synthetic scenario, not measured"
Baseline 4.5%,2027,R-10_Del_Pan,Radial,119754.62837249998,156661.3,0.7644174302938888,Medium,Low,True,2032,"Synthetic scenario, not measured"
Baseline 4.5%,2027,R-1_Roxas_Blvd,Radial,179361.39336499997,186643.9,0.9609818127728791,High,Medium,True,2027,"Synthetic scenario, not measured"
Baseline 4.5%,2027,R-2_Taft_Ave,Radial,148502.95091499996,165839.8,0.8954602629465301,Medium,High,True,2029,"Synthetic scenario, not measured"
Baseline 4.5%,2027,R-3_SSH,Radial,269886.4437774999,257440.7,1.0483441187718177,High,Medium,True,2025,"Synthetic scenario, not measured"
Baseline 4.5%,2027,R-4_Shaw_Blvd,Radial,122595.53141,155922.8,0.7862578879419816,Medium,Low,True,2032,"Synthetic scenario, not measured"
Baseline 4.5%,2027,R-5_Ortigas_Ave,Radial,174344.73971749996,190062.7,0.9173011838593261,Medium,Medium,False,2028,"Synthetic scenario, not measured"
Baseline 4.5%,2027,R-6_Aurora_Blvd,Radial,126530.31589,156577.8,0.8080986952811957,Medium,Low,True,2031,"Synthetic scenario, not measured"
Baseline 4.5%,2027,R-6_Magsaysay_Blvd,Radial,143372.5082625,164113.1,0.8736201330820025,Medium,Low,True,2029,"Synthetic scenario, not measured"
Baseline 4.5%,2027,R-7_Commonwealth,Radial,361196.3325575,337508.5,1.0701844029335557,High,High,False,2025,"Synthetic scenario, not measured"
Baseline 4.5%,2027,R-7_Quezon_Ave,Radial,222448.33176499995,221415.9,1.0046628619037745,High,High,False,2026,"Synthetic scenario, not measured"
Baseline 4.5%,2027,R-8_A.Bonifacio,Radial,133960.78159749997,157271.7,0.85177931946752,Medium,Medium,False,2030,"Synthetic scenario, not measured"
Baseline 4.5%,2027,R-9_Rizal_Ave,Radial,99256.88231249998,137715.9,0.7207365475772949,Medium,Low,True,2034,"Synthetic scenario, not measured"
Baseline 4.5%,2028,C-1_Recto,Circumferential,101249.96444062497,138632.8,0.7303463858525903,Medium,Low,True,2034,"Synthetic scenario, not measured"
Baseline 4.5%,2028,C-2_A.Mendoza,Circumferential,88812.62307747499,125526.1,0.7075231611391972,Medium,Low,True,2035,"Synthetic scenario, not measured"
Baseline 4.5%,2028,C-2_Pres.Quirino,Circumferential,187262.16584734997,190810.7,0.9814028555387615,High,High,False,2028,"Synthetic scenario, not measured"
Baseline 4.5%,2028,C-3_Araneta_Ave,Circumferential,132496.80469231246,152771.7,0.867286314757985,Medium,Medium,False,2031,"Synthetic scenario, not measured"
Baseline 4.5%,2028,C-4_EDSA,Circumferential,381704.6630698124,334486.5,1.1411661249999998,High,High,False,2025,"Synthetic scenario, not measured"
Baseline 4.5%,2028,C-5_CP_Garcia,Circumferential,217649.9362401375,211917.7,1.0270493509515133,High,Medium,True,2027,"Synthetic scenario, not measured"
Baseline 4.5%,2028,Marcos_Highway,Highway,255395.14699063744,238087.1,1.0726962821196,High,Medium,True,2026,"Synthetic scenario, not measured"
Baseline 4.5%,2028,McArthur_Highway,Highway,113027.82590013748,145655.7,0.7759931530323734,Medium,Low,True,2033,"Synthetic scenario, not measured"
Baseline 4.5%,2028,R-10_Del_Pan,Radial,125143.58664926248,156661.3,0.7988162146571137,Medium,Low,True,2032,"Synthetic scenario, not measured"
Baseline 4.5%,2028,R-1_Roxas_Blvd,Radial,187432.65606642497,186643.9,1.0042259943476588,High,Medium,True,2027,"Synthetic scenario, not measured"
Baseline 4.5%,2028,R-2_Taft_Ave,Radial,155185.583706175,165839.8,0.9357559747791243,Medium,High,True,2029,"Synthetic scenario, not measured"
Baseline 4.5%,2028,R-3_SSH,Radial,282031.33374748746,257440.7,1.0955196041165498,High,Medium,True,2025,"Synthetic scenario, not measured"
Baseline 4.5%,2028,R-4_Shaw_Blvd,Radial,128112.33032344998,155922.8,0.8216394928993707,Medium,Low,True,2032,"Synthetic scenario, not measured"
Baseline 4.5%,2028,R-5_Ortigas_Ave,Radial,182190.25300478743,190062.7,0.9585797371329957,High,Medium,True,2028,"Synthetic scenario, not measured"
Baseline 4.5%,2028,R-6_Aurora_Blvd,Radial,132224.18010504998,156577.8,0.8444631365688494,Medium,Low,True,2031,"Synthetic scenario, not measured"
Baseline 4.5%,2028,R-6_Magsaysay_Blvd,Radial,149824.27113431247,164113.1,0.9129330390706925,Medium,Low,True,2029,"Synthetic scenario, not measured"
Baseline 4.5%,2028,R-7_Commonwealth,Radial,377450.1675225874,337508.5,1.1183427010655655,High,High,False,2025,"Synthetic scenario, not measured"
Baseline 4.5%,2028,R-7_Quezon_Ave,Radial,232458.50669442498,221415.9,1.0498726906894447,High,High,False,2026,"Synthetic scenario, not measured"
Baseline 4.5%,2028,R-8_A.Bonifacio,Radial,139989.01676938747,157271.7,0.8901093888435584,Medium,Medium,False,2030,"Synthetic scenario, not measured"
Baseline 4.5%,2028,R-9_Rizal_Ave,Radial,103723.44201656248,137715.9,0.7531696922182731,Medium,Low,True,2034,"Synthetic scenario, not measured"
Baseline 4.5%,2029,C-1_Recto,Circumferential,105806.21284045311,138632.8,0.763211973215957,Medium,Low,True,2034,"Synthetic scenario, not measured"
Baseline 4.5%,2029,C-2_A.Mendoza,Circumferential,92809.19111596137,125526.1,0.7393617033904611,Medium,Low,True,2035,"Synthetic scenario, not measured"
Baseline 4.5%,2029,C-2_Pres.Quirino,Circumferential,195688.9633104807,190810.7,1.0255659840380056,High,High,False,2028,"Synthetic scenario, not measured"
Baseline 4.5%,2029,C-3_Araneta_Ave,Circumferential,138459.16090346655,152771.7,0.9063141989220944,Medium,Medium,False,2031,"Synthetic scenario, not measured"
Baseline 4.5%,2029,C-4_EDSA,Circumferential,398881.37290795404,334486.5,1.192518600625,High,High,False,2025,"Synthetic scenario, not measured"
Baseline 4.5%,2029,C-5_CP_Garcia,Circumferential,227444.18337094362,211917.7,1.073266571744331,High,Medium,True,2027,"Synthetic scenario, not measured"
Baseline 4.5%,2029,Marcos_Highway,Highway,266887.9286052161,238087.1,1.1209676148149819,High,Medium,True,2026,"Synthetic scenario, not measured"
Baseline 4.5%,2029,McArthur_Highway,Highway,118114.07806564367,145655.7,0.8109128449188302,Medium,Low,True,2033,"Synthetic scenario, not measured"
Baseline 4.5%,2029,R-10_Del_Pan,Radial,130775.0480484793,156661.3,0.8347629443166839,Medium,Low,True,2032,"Synthetic scenario, not measured"
Baseline 4.5%,2029,R-1_Roxas_Blvd,Radial,195867.12558941406,186643.9,1.049416164093303,High,Medium,True,2027,"Synthetic scenario, not measured"
Baseline 4.5%,2029,R-2_Taft_Ave,Radial,162168.93497295282,165839.8,0.9778649936441846,High,High,False,2029,"Synthetic scenario, not measured"
Baseline 4.5%,2029,R-3_SSH,Radial,294722.74376612436,257440.7,1.1448179863017944,High,Medium,True,2025,"Synthetic scenario, not measured"
Baseline 4.5%,2029,R-4_Shaw_Blvd,Radial,133877.3851880052,155922.8,0.8586132700798421,Medium,Low,True,2032,"Synthetic scenario, not measured"
Baseline 4.5%,2029,R-5_Ortigas_Ave,Radial,190388.8143900029,190062.7,1.0017158253039806,High,Medium,True,2028,"Synthetic scenario, not measured"
Baseline 4.5%,2029,R-6_Aurora_Blvd,Radial,138174.2682097772,156577.8,0.8824639777144474,Medium,Low,True,2031,"Synthetic scenario, not measured"
Baseline 4.5%,2029,R-6_Magsaysay_Blvd,Radial,156566.36333535652,164113.1,0.9540150258288737,High,Low,True,2029,"Synthetic scenario, not measured"
Baseline 4.5%,2029,R-7_Commonwealth,Radial,394435.42506110383,337508.5,1.1686681226135158,High,High,False,2025,"Synthetic scenario, not measured"
Baseline 4.5%,2029,R-7_Quezon_Ave,Radial,242919.13949567408,221415.9,1.0971169617704695,High,High,False,2026,"Synthetic scenario, not measured"
Baseline 4.5%,2029,R-8_A.Bonifacio,Radial,146288.52252400992,157271.7,0.9301643113415187,Medium,Medium,False,2030,"Synthetic scenario, not measured"
Baseline 4.5%,2029,R-9_Rizal_Ave,Radial,108390.9969073078,137715.9,0.7870623283680955,Medium,Low,True,2034,"Synthetic scenario, not measured"
Baseline 4.5%,2030,C-1_Recto,Circumferential,110567.4924182735,138632.8,0.797556512010675,Medium,Low,True,2034,"Synthetic scenario, not measured"
Baseline 4.5%,2030,C-2_A.Mendoza,Circumferential,96985.60471617962,125526.1,0.7726329800430318,Medium,Low,True,2035,"Synthetic scenario, not measured"
Baseline 4.5%,2030,C-2_Pres.Quirino,Circumferential,204494.96665945233,190810.7,1.0717164533197159,High,High,False,2028,"Synthetic scenario, not measured"
Baseline 4.5%,2030,C-3_Araneta_Ave,Circumferential,144689.82314412252,152771.7,0.9470983378735885,Medium,Medium,False,2031,"Synthetic scenario, not measured"
Baseline 4.5%,2030,C-4_EDSA,Circumferential,416831.03468881187,334486.5,1.2461819376531247,High,High,False,2025,"Synthetic scenario, not measured"
Baseline 4.5%,2030,C-5_CP_Garcia,Circumferential,237679.17162263612,211917.7,1.121563567472826,High,Medium,True,2027,"Synthetic scenario, not measured"
Baseline 4.5%,2030,Marcos_Highway,Highway,278897.8853924508,238087.1,1.171411157481656,High,Medium,True,2026,"Synthetic scenario, not measured"
Baseline 4.5%,2030,McArthur_Highway,Highway,123429.21157859763,145655.7,0.8474039229401776,Medium,Low,True,2033,"Synthetic scenario, not measured"
Baseline 4.5%,2030,R-10_Del_Pan,Radial,136659.92521066085,156661.3,0.8723272768109346,Medium,Low,True,2032,"Synthetic scenario, not measured"
Baseline 4.5%,2030,R-1_Roxas_Blvd,Radial,204681.14624093767,186643.9,1.0966398914775017,High,Medium,True,2027,"Synthetic scenario, not measured"
Baseline 4.5%,2030,R-2_Taft_Ave,Radial,169466.53704673573,165839.8,1.021868918358173,High,High,False,2029,"Synthetic scenario, not measured"
Baseline 4.5%,2030,R-3_SSH,Radial,307985.2672355999,257440.7,1.196334795685375,High,Medium,True,2025,"Synthetic scenario, not measured"
Baseline 4.5%,2030,R-4_Shaw_Blvd,Radial,139901.86752146546,155922.8,0.8972508672334353,Medium,Low,True,2032,"Synthetic scenario, not measured"
Baseline 4.5%,2030,R-5_Ortigas_Ave,Radial,198956.31103755304,190062.7,1.04679303744266,High,Medium,True,2028,"Synthetic scenario, not measured"
Baseline 4.5%,2030,R-6_Aurora_Blvd,Radial,144392.1102792172,156577.8,0.9221748567115977,Medium,Low,True,2031,"Synthetic scenario, not measured"
Baseline 4.5%,2030,R-6_Magsaysay_Blvd,Radial,163611.84968544755,164113.1,0.9969457019911728,High,Low,True,2029,"Synthetic scenario, not measured"
Baseline 4.5%,2030,R-7_Commonwealth,Radial,412185.01918885356,337508.5,1.2212581881311242,High,High,False,2025,"Synthetic scenario, not measured"
Baseline 4.5%,2030,R-7_Quezon_Ave,Radial,253850.5007729794,221415.9,1.1464872250501406,High,High,False,2026,"Synthetic scenario, not measured"
Baseline 4.5%,2030,R-8_A.Bonifacio,Radial,152871.50603759036,157271.7,0.9720217053518868,High,Medium,True,2030,"Synthetic scenario, not measured"
Baseline 4.5%,2030,R-9_Rizal_Ave,Radial,113268.59176813664,137715.9,0.8224801331446597,Medium,Low,True,2034,"Synthetic scenario, not measured"
Baseline 4.5%,2031,C-1_Recto,Circumferential,115543.02957709577,138632.8,0.8334465550511552,Medium,Low,True,2034,"Synthetic scenario, not measured"
Baseline 4.5%,2031,C-2_A.Mendoza,Circumferential,101349.95692840769,125526.1,0.8074014641449682,Medium,Low,True,2035,"Synthetic scenario, not measured"
Baseline 4.5%,2031,C-2_Pres.Quirino,Circumferential,213697.24015912766,190810.7,1.119943693719103,High,High,False,2028,"Synthetic scenario, not measured"
Baseline 4.5%,2031,C-3_Araneta_Ave,Circumferential,151200.86518560804,152771.7,0.9897177630779,High,Medium,True,2031,"Synthetic scenario, not measured"
Baseline 4.5%,2031,C-4_EDSA,Circumferential,435588.43124980846,334486.5,1.3022601248475154,High,High,False,2025,"Synthetic scenario, not measured"
Baseline 4.5%,2031,C-5_CP_Garcia,Circumferential,248374.7343456547,211917.7,1.172033928009103,High,Medium,True,2027,"Synthetic scenario, not measured"
Baseline 4.5%,2031,Marcos_Highway,Highway,291448.2902351111,238087.1,1.2241246595683306,High,Medium,True,2026,"Synthetic scenario, not measured"
Baseline 4.5%,2031,McArthur_Highway,Highway,128983.52609963452,145655.7,0.8855370994724855,Medium,Low,True,2033,"Synthetic scenario, not measured"
Baseline 4.5%,2031,R-10_Del_Pan,Radial,142809.62184514056,156661.3,0.9115820042674264,Medium,Low,True,2032,"Synthetic scenario, not measured"
Baseline 4.5%,2031,R-1_Roxas_Blvd,Radial,213891.79782177985,186643.9,1.1459886865939892,High,Medium,True,2027,"Synthetic scenario, not measured"
Baseline 4.5%,2031,R-2_Taft_Ave,Radial,177092.5312138388,165839.8,1.0678530196842906,High,High,False,2029,"Synthetic scenario, not measured"
Baseline 4.5%,2031,R-3_SSH,Radial,321844.6042612019,257440.7,1.250169861491217,High,Medium,True,2025,"Synthetic scenario, not measured"
Baseline 4.5%,2031,R-4_Shaw_Blvd,Radial,146197.45155993136,155922.8,0.9376271562589394,Medium,Low,True,2032,"Synthetic scenario, not measured"
Baseline 4.5%,2031,R-5_Ortigas_Ave,Radial,207909.34503424287,190062.7,1.0938987241275793,High,Medium,True,2028,"Synthetic scenario, not measured"
Baseline 4.5%,2031,R-6_Aurora_Blvd,Radial,150889.755241782,156577.8,0.9636727252636198,High,Low,True,2031,"Synthetic scenario, not measured"
Baseline 4.5%,2031,R-6_Magsaysay_Blvd,Radial,170974.38292129265,164113.1,1.0418082585807753,High,Low,True,2029,"Synthetic scenario, not measured"
Baseline 4.5%,2031,R-7_Commonwealth,Radial,430733.3450523519,337508.5,1.2762148065970247,High,High,False,2025,"Synthetic scenario, not measured"
Baseline 4.5%,2031,R-7_Quezon_Ave,Radial,265273.77330776345,221415.9,1.1980791501773966,High,High,False,2026,"Synthetic scenario, not measured"
Baseline 4.5%,2031,R-8_A.Bonifacio,Radial,159750.72380928192,157271.7,1.0157626820927217,High,Medium,True,2030,"Synthetic scenario, not measured"
Baseline 4.5%,2031,R-9_Rizal_Ave,Radial,118365.67839770277,137715.9,0.8594917391361693,Medium,Low,True,2034,"Synthetic scenario, not measured"
Baseline 4.5%,2032,C-1_Recto,Circumferential,120742.46590806509,138632.8,0.8709516500284572,Medium,Low,True,2034,"Synthetic scenario, not measured"
Baseline 4.5%,2032,C-2_A.Mendoza,Circumferential,105910.70499018602,125526.1,0.8437345300314916,Medium,Low,True,2035,"Synthetic scenario, not measured"
Baseline 4.5%,2032,C-2_Pres.Quirino,Circumferential,223313.6159662884,190810.7,1.1703411599364626,High,High,False,2028,"Synthetic scenario, not measured"
Baseline 4.5%,2032,C-3_Araneta_Ave,Circumferential,158004.90411896034,152771.7,1.0342550624164053,High,Medium,True,2031,"Synthetic scenario, not measured"
Baseline 4.5%,2032,C-4_EDSA,Circumferential,455189.9106560497,334486.5,1.360861830465653,High,High,False,2025,"Synthetic scenario, not measured"
Baseline 4.5%,2032,C-5_CP_Garcia,Circumferential,259551.59739120913,211917.7,1.2247754547695124,High,Medium,True,2027,"Synthetic scenario, not measured"
Baseline 4.5%,2032,Marcos_Highway,Highway,304563.463295691,238087.1,1.2792102692489051,High,Medium,True,2026,"Synthetic scenario, not measured"
Baseline 4.5%,2032,McArthur_Highway,Highway,134787.78477411804,145655.7,0.9253862689487472,Medium,Low,True,2033,"Synthetic scenario, not measured"
Baseline 4.5%,2032,R-10_Del_Pan,Radial,149236.05482817185,156661.3,0.9526031944594604,High,Low,True,2032,"Synthetic scenario, not measured"
Baseline 4.5%,2032,R-1_Roxas_Blvd,Radial,223516.92872375995,186643.9,1.1975581774907187,High,Medium,True,2027,"Synthetic scenario, not measured"
Baseline 4.5%,2032,R-2_Taft_Ave,Radial,185061.69511846156,165839.8,1.1159064055700838,High,High,False,2029,"Synthetic scenario, not measured"
Baseline 4.5%,2032,R-3_SSH,Radial,336327.6114529559,257440.7,1.3064275052583212,High,Medium,True,2025,"Synthetic scenario, not measured"
Baseline 4.5%,2032,R-4_Shaw_Blvd,Radial,152776.3368801283,155922.8,0.979820378290592,High,Low,True,2032,"Synthetic scenario, not measured"
Baseline 4.5%,2032,R-5_Ortigas_Ave,Radial,217265.26556078382,190062.7,1.1431241667133205,High,High,False,2028,"Synthetic scenario, not measured"
Baseline 4.5%,2032,R-6_Aurora_Blvd,Radial,157679.79422766212,156577.8,1.0070379979004822,High,Low,True,2031,"Synthetic scenario, not measured"
Baseline 4.5%,2032,R-6_Magsaysay_Blvd,Radial,178668.23015275085,164113.1,1.0886896302169105,High,Low,True,2029,"Synthetic scenario, not measured"
Baseline 4.5%,2032,R-7_Commonwealth,Radial,450116.3455797077,337508.5,1.3336444728938908,High,High,False,2025,"Synthetic scenario, not measured"
Baseline 4.5%,2032,R-7_Quezon_Ave,Radial,277211.09310661274,221415.9,1.2519927119353793,High,High,False,2026,"Synthetic scenario, not measured"
Baseline 4.5%,2032,R-8_A.Bonifacio,Radial,166939.50638069957,157271.7,1.061472002786894,High,Medium,True,2030,"Synthetic scenario, not measured"
Baseline 4.5%,2032,R-9_Rizal_Ave,Radial,123692.13392559938,137715.9,0.8981688673972968,Medium,Low,True,2034,"Synthetic scenario, not measured"
Baseline 4.5%,2033,C-1_Recto,Circumferential,126175.87687392799,138632.8,0.9101444742797375,Medium,Low,True,2034,"Synthetic scenario, not measured"
Baseline 4.5%,2033,C-2_A.Mendoza,Circumferential,110676.68671474436,125526.1,0.8817025838829085,Medium,Low,True,2035,"Synthetic scenario, not measured"
Baseline 4.5%,2033,C-2_Pres.Quirino,Circumferential,233362.72868477134,190810.7,1.2230065121336033,High,High,False,2028,"Synthetic scenario, not measured"
Baseline 4.5%,2033,C-3_Araneta_Ave,Circumferential,165115.12480431353,152771.7,1.0807965402251432,High,Medium,True,2031,"Synthetic scenario, not measured"
Baseline 4.5%,2033,C-4_EDSA,Circumferential,475673.4566355718,334486.5,1.4221006128366072,High,High,False,2025,"Synthetic scenario, not measured"
Baseline 4.5%,2033,C-5_CP_Garcia,Circumferential,271231.41927381355,211917.7,1.2798903502341406,High,Medium,True,2027,"Synthetic scenario, not measured"
Baseline 4.5%,2033,Marcos_Highway,Highway,318268.81914399704,238087.1,1.3367747313651055,High,Medium,True,2026,"Synthetic scenario, not measured"
Baseline 4.5%,2033,McArthur_Highway,Highway,140853.23508895334,145655.7,0.9670286510514406,High,Low,True,2033,"Synthetic scenario, not measured"
Baseline 4.5%,2033,R-10_Del_Pan,Radial,155951.6772954396,156661.3,0.9954703382101361,High,Low,True,2032,"Synthetic scenario, not measured"
Baseline 4.5%,2033,R-1_Roxas_Blvd,Radial,233575.19051632908,186643.9,1.2514482954778008,High,Medium,True,2027,"Synthetic scenario, not measured"
Baseline 4.5%,2033,R-2_Taft_Ave,Radial,193389.47139879226,165839.8,1.1661221938207371,High,High,False,2029,"Synthetic scenario, not measured"
Baseline 4.5%,2033,R-3_SSH,Radial,351462.3539683389,257440.7,1.3652167429949458,High,Medium,True,2025,"Synthetic scenario, not measured"
Baseline 4.5%,2033,R-4_Shaw_Blvd,Radial,159651.272039734,155922.8,1.0239122953136681,High,Low,True,2032,"Synthetic scenario, not measured"
Baseline 4.5%,2033,R-5_Ortigas_Ave,Radial,227042.20251101904,190062.7,1.1945647542154196,High,High,False,2028,"Synthetic scenario, not measured"
Baseline 4.5%,2033,R-6_Aurora_Blvd,Radial,164775.3849679069,156577.8,1.0523547078060038,High,Low,True,2031,"Synthetic scenario, not measured"
Baseline 4.5%,2033,R-6_Magsaysay_Blvd,Radial,186708.3005096246,164113.1,1.1376806635766712,High,Low,True,2029,"Synthetic scenario, not measured"
Baseline 4.5%,2033,R-7_Commonwealth,Radial,470371.5811307944,337508.5,1.3936584741741154,High,High,False,2025,"Synthetic scenario, not measured"
Baseline 4.5%,2033,R-7_Quezon_Ave,Radial,289685.5922964103,221415.9,1.3083323839724712,High,High,False,2026,"Synthetic scenario, not measured"
Baseline 4.5%,2033,R-8_A.Bonifacio,Radial,174451.784167831,157271.7,1.109238242912304,High,Medium,True,2030,"Synthetic scenario, not measured"
Baseline 4.5%,2033,R-9_Rizal_Ave,Radial,129258.27995225134,137715.9,0.9385864664301751,Medium,Low,True,2034,"Synthetic scenario, not measured"
Baseline 4.5%,2034,C-1_Recto,Circumferential,131853.79133325475,138632.8,0.9511009756223258,High,Low,True,2034,"Synthetic scenario, not measured"
Baseline 4.5%,2034,C-2_A.Mendoza,Circumferential,115657.13761690786,125526.1,0.9213792001576393,Medium,Low,True,2035,"Synthetic scenario, not measured"
Baseline 4.5%,2034,C-2_Pres.Quirino,Circumferential,243864.05147558605,190810.7,1.2780418051796154,High,High,False,2028,"Synthetic scenario, not measured"
Baseline 4.5%,2034,C-3_Araneta_Ave,Circumferential,172545.30542050765,152771.7,1.1294323845352747,High,Medium,True,2031,"Synthetic scenario, not measured"
Baseline 4.5%,2034,C-4_EDSA,Circumferential,497078.7621841726,334486.5,1.4860951404142546,High,High,False,2025,"Synthetic scenario, not measured"
Baseline 4.5%,2034,C-5_CP_Garcia,Circumferential,283436.8331411351,211917.7,1.3374854159946767,High,Medium,True,2027,"Synthetic scenario, not measured"
Baseline 4.5%,2034,Marcos_Highway,Highway,332590.916005477,238087.1,1.3969295942765358,High,Medium,True,2026,"Synthetic scenario, not measured"
Baseline 4.5%,2034,McArthur_Highway,Highway,147191.63066795625,145655.7,1.0105449403487556,High,Low,True,2033,"Synthetic scenario, not measured"
Baseline 4.5%,2034,R-10_Del_Pan,Radial,162969.50277373436,156661.3,1.0402665034295921,High,Low,True,2032,"Synthetic scenario, not measured"
Baseline 4.5%,2034,R-1_Roxas_Blvd,Radial,244086.07408956395,186643.9,1.307763468774302,High,Medium,True,2027,"Synthetic scenario, not measured"
Baseline 4.5%,2034,R-2_Taft_Ave,Radial,202091.9976117379,165839.8,1.2185976925426703,High,High,False,2029,"Synthetic scenario, not measured"
Baseline 4.5%,2034,R-3_SSH,Radial,367278.15989691415,257440.7,1.4266514964297181,High,Medium,True,2025,"Synthetic scenario, not measured"
Baseline 4.5%,2034,R-4_Shaw_Blvd,Radial,166835.57928152205,155922.8,1.0699883486027832,High,Low,True,2032,"Synthetic scenario, not measured"
Baseline 4.5%,2034,R-5_Ortigas_Ave,Radial,237259.10162401482,190062.7,1.248320168155113,High,High,False,2028,"Synthetic scenario, not measured"
Baseline 4.5%,2034,R-6_Aurora_Blvd,Radial,172190.27729146267,156577.8,1.0997106696572738,High,Low,True,2031,"Synthetic scenario, not measured"
Baseline 4.5%,2034,R-6_Magsaysay_Blvd,Radial,195110.1740325577,164113.1,1.1888762934376214,High,Low,True,2029,"Synthetic scenario, not measured"
Baseline 4.5%,2034,R-7_Commonwealth,Radial,491538.3022816802,337508.5,1.4563731055119506,High,High,False,2025,"Synthetic scenario, not measured"
Baseline 4.5%,2034,R-7_Quezon_Ave,Radial,302721.44394974876,221415.9,1.3672073412512324,High,High,False,2026,"Synthetic scenario, not measured"
Baseline 4.5%,2034,R-8_A.Bonifacio,Radial,182302.11445538342,157271.7,1.1591539638433577,High,Medium,True,2030,"Synthetic scenario, not measured"
Baseline 4.5%,2034,R-9_Rizal_Ave,Radial,135074.90255010262,137715.9,0.9808228574195327,High,Low,True,2034,"Synthetic scenario, not measured"
Baseline 4.5%,2035,C-1_Recto,Circumferential,137787.2119432512,138632.8,0.9939005195253303,High,Low,True,2034,"Synthetic scenario, not measured"
Baseline 4.5%,2035,C-2_A.Mendoza,Circumferential,120861.70880966872,125526.1,0.9628412641647333,High,High,False,2035,"Synthetic scenario, not measured"
Baseline 4.5%,2035,C-2_Pres.Quirino,Circumferential,254837.9337919874,190810.7,1.335553686412698,High,High,False,2028,"Synthetic scenario, not measured"
Baseline 4.5%,2035,C-3_Araneta_Ave,Circumferential,180309.84416443048,152771.7,1.180256841839362,High,Medium,True,2031,"Synthetic scenario, not measured"
Baseline 4.5%,2035,C-4_EDSA,Circumferential,519447.3064824603,334486.5,1.552969421732896,High,High,False,2025,"Synthetic scenario, not measured"
Baseline 4.5%,2035,C-5_CP_Garcia,Circumferential,296191.4906324861,211917.7,1.3976722597144369,High,Medium,True,2027,"Synthetic scenario, not measured"
Baseline 4.5%,2035,Marcos_Highway,Highway,347557.5072257235,238087.1,1.45979142601898,High,Medium,True,2026,"Synthetic scenario, not measured"
Baseline 4.5%,2035,McArthur_Highway,Highway,153815.25404801423,145655.7,1.0560194626644492,High,Low,True,2033,"Synthetic scenario, not measured"
Baseline 4.5%,2035,R-10_Del_Pan,Radial,170303.13039855243,156661.3,1.087078496083924,High,Low,True,2032,"Synthetic scenario, not measured"
Baseline 4.5%,2035,R-1_Roxas_Blvd,Radial,255069.94742359428,186643.9,1.3666128248691454,High,Medium,True,2027,"Synthetic scenario, not measured"
Baseline 4.5%,2035,R-2_Taft_Ave,Radial,211186.1375042661,165839.8,1.2734345887070904,High,High,False,2029,"Synthetic scenario, not measured"
Baseline 4.5%,2035,R-3_SSH,Radial,383805.6770922753,257440.7,1.4908508137690555,High,Medium,True,2025,"Synthetic scenario, not measured"
Baseline 4.5%,2035,R-4_Shaw_Blvd,Radial,174343.18034919052,155922.8,1.1181378242899085,High,Low,True,2032,"Synthetic scenario, not measured"
Baseline 4.5%,2035,R-5_Ortigas_Ave,Radial,247935.76119709553,190062.7,1.3044945757220934,High,High,False,2028,"Synthetic scenario, not measured"
Baseline 4.5%,2035,R-6_Aurora_Blvd,Radial,179938.8397695785,156577.8,1.1491976497918512,High,Low,True,2031,"Synthetic scenario, not measured"
Baseline 4.5%,2035,R-6_Magsaysay_Blvd,Radial,203890.1318640228,164113.1,1.2423757266423143,High,Low,True,2029,"Synthetic scenario, not measured"
Baseline 4.5%,2035,R-7_Commonwealth,Radial,513657.52588435577,337508.5,1.5219098952599883,High,High,False,2025,"Synthetic scenario, not measured"
Baseline 4.5%,2035,R-7_Quezon_Ave,Radial,316343.9089274874,221415.9,1.4287316716075376,High,High,False,2026,"Synthetic scenario, not measured"
Baseline 4.5%,2035,R-8_A.Bonifacio,Radial,190505.70960587566,157271.7,1.2113158922163088,High,Medium,True,2030,"Synthetic scenario, not measured"
Baseline 4.5%,2035,R-9_Rizal_Ave,Radial,141153.27316485724,137715.9,1.0249598860034117,High,Low,True,2034,"Synthetic scenario, not measured"
Accelerated 7%,2025,C-1_Recto,Circumferential,88725.0,138632.8,0.6400000577064014,Low,Low,False,2031,"Synthetic scenario, not measured"
Accelerated 7%,2025,C-2_A.Mendoza,Circumferential,77826.2,125526.1,0.6200001433964729,Low,Low,False,2032,"Synthetic scenario, not measured"
Accelerated 7%,2025,C-2_Pres.Quirino,Circumferential,164097.2,190810.7,0.8599999895184075,Medium,High,True,2027,"Synthetic scenario, not measured"
Accelerated 7%,2025,C-3_Araneta_Ave,Circumferential,116106.5,152771.7,0.7600000523657195,Medium,Medium,False,2029,"Synthetic scenario, not measured"
Accelerated 7%,2025,C-4_EDSA,Circumferential,334486.50000000006,334486.5,1.0000000000000002,High,High,False,2025,"Synthetic scenario, not measured"
Accelerated 7%,2025,C-5_CP_Garcia,Circumferential,190725.9,211917.7,0.8999998584356096,Medium,Medium,False,2026,"Synthetic scenario, not measured"
Accelerated 7%,2025,Marcos_Highway,Highway,223801.9,238087.1,0.9400001092037326,Medium,Medium,False,2026,"Synthetic scenario, not measured"
Accelerated 7%,2025,McArthur_Highway,Highway,99045.90000000001,145655.7,0.6800001647721304,Low,Low,False,2030,"Synthetic scenario, not measured"
Accelerated 7%,2025,R-10_Del_Pan,Radial,109662.90000000001,156661.3,0.6999999361680262,Low,Low,False,2030,"Synthetic scenario, not measured"
Accelerated 7%,2025,R-1_Roxas_Blvd,Radial,164246.6,186643.9,0.879999828550518,Medium,Medium,False,2027,"Synthetic scenario, not measured"
Accelerated 7%,2025,R-2_Taft_Ave,Radial,135988.6,165839.8,0.8199997829230379,Medium,High,True,2028,"Synthetic scenario, not measured"
Accelerated 7%,2025,R-3_SSH,Radial,247143.1,257440.7,0.9600001087629112,High,Medium,True,2025,"Synthetic scenario, not measured"
Accelerated 7%,2025,R-4_Shaw_Blvd,Radial,112264.40000000001,155922.8,0.7199998973851164,Medium,Low,True,2030,"Synthetic scenario, not measured"
Accelerated 7%,2025,R-5_Ortigas_Ave,Radial,159652.69999999998,190062.7,0.8400001683654919,Medium,Medium,False,2027,"Synthetic scenario, not measured"
Accelerated 7%,2025,R-6_Aurora_Blvd,Radial,115867.59999999999,156577.8,0.7400001788248398,Medium,Low,True,2029,"Synthetic scenario, not measured"
Accelerated 7%,2025,R-6_Magsaysay_Blvd,Radial,131290.5,164113.1,0.8000001218671757,Medium,Low,True,2028,"Synthetic scenario, not measured"
Accelerated 7%,2025,R-7_Commonwealth,Radial,330758.30000000005,337508.5,0.9799999111133498,High,High,False,2025,"Synthetic scenario, not measured"
Accelerated 7%,2025,R-7_Quezon_Ave,Radial,203702.6,221415.9,0.9199998735411504,Medium,High,True,2026,"Synthetic scenario, not measured"
Accelerated 7%,2025,R-8_A.Bonifacio,Radial,122671.9,157271.7,0.779999834681001,Medium,Low,True,2028,"Synthetic scenario, not measured"
Accelerated 7%,2025,R-9_Rizal_Ave,Radial,90892.5,137715.9,0.660000043567954,Low,Low,False,2031,"Synthetic scenario, not measured"
Accelerated 7%,2026,C-1_Recto,Circumferential,94935.75,138632.8,0.6848000617458495,Low,Low,False,2031,"Synthetic scenario, not measured"
Accelerated 7%,2026,C-2_A.Mendoza,Circumferential,83274.03399999999,125526.1,0.6634001534342259,Low,Low,False,2032,"Synthetic scenario, not measured"
Accelerated 7%,2026,C-2_Pres.Quirino,Circumferential,175584.00400000002,190810.7,0.9201999887846961,Medium,High,True,2027,"Synthetic scenario, not measured"
Accelerated 7%,2026,C-3_Araneta_Ave,Circumferential,124233.95500000002,152771.7,0.81320005603132,Medium,Medium,False,2029,"Synthetic scenario, not measured"
Accelerated 7%,2026,C-4_EDSA,Circumferential,357900.55500000005,334486.5,1.07,High,High,False,2025,"Synthetic scenario, not measured"
Accelerated 7%,2026,C-5_CP_Garcia,Circumferential,204076.713,211917.7,0.9629998485261022,High,Medium,True,2026,"Synthetic scenario, not measured"
Accelerated 7%,2026,Marcos_Highway,Highway,239468.033,238087.1,1.0058001168479938,High,Medium,True,2026,"Synthetic scenario, not measured"
Accelerated 7%,2026,McArthur_Highway,Highway,105979.113,145655.7,0.7276001763061795,Medium,Low,True,2030,"Synthetic scenario, not measured"
Accelerated 7%,2026,R-10_Del_Pan,Radial,117339.303,156661.3,0.7489999316997881,Medium,Low,True,2030,"Synthetic scenario, not measured"
Accelerated 7%,2026,R-1_Roxas_Blvd,Radial,175743.862,186643.9,0.9415998165490541,Medium,Medium,False,2027,"Synthetic scenario, not measured"
Accelerated 7%,2026,R-2_Taft_Ave,Radial,145507.80200000003,165839.8,0.8773997677276506,Medium,High,True,2028,"Synthetic scenario, not measured"
Accelerated 7%,2026,R-3_SSH,Radial,264443.117,257440.7,1.0272001163763151,High,Medium,True,2025,"Synthetic scenario, not measured"
Accelerated 7%,2026,R-4_Shaw_Blvd,Radial,120122.90800000002,155922.8,0.7703998902020746,Medium,Low,True,2030,"Synthetic scenario, not measured"
Accelerated 7%,2026,R-5_Ortigas_Ave,Radial,170828.389,190062.7,0.8988001801510764,Medium,Medium,False,2027,"Synthetic scenario, not measured"
Accelerated 7%,2026,R-6_Aurora_Blvd,Radial,123978.33200000001,156577.8,0.7918001913425787,Medium,Low,True,2029,"Synthetic scenario, not measured"
Accelerated 7%,2026,R-6_Magsaysay_Blvd,Radial,140480.83500000002,164113.1,0.8560001303978781,Medium,Low,True,2028,"Synthetic scenario, not measured"
Accelerated 7%,2026,R-7_Commonwealth,Radial,353911.381,337508.5,1.0485999048912842,High,High,False,2025,"Synthetic scenario, not measured"
Accelerated 7%,2026,R-7_Quezon_Ave,Radial,217961.78200000004,221415.9,0.9843998646890311,High,High,False,2026,"Synthetic scenario, not measured"
Accelerated 7%,2026,R-8_A.Bonifacio,Radial,131258.93300000002,157271.7,0.8345998231086712,Medium,Medium,False,2028,"Synthetic scenario, not measured"
Accelerated 7%,2026,R-9_Rizal_Ave,Radial,97254.975,137715.9,0.7062000466177109,Medium,Low,True,2031,"Synthetic scenario, not measured"
Accelerated 7%,2027,C-1_Recto,Circumferential,101581.2525,138632.8,0.732736066068059,Medium,Low,True,2031,"Synthetic scenario, not measured"
Accelerated 7%,2027,C-2_A.Mendoza,Circumferential,89103.21638,125526.1,0.7098381641746218,Medium,Low,True,2032,"Synthetic scenario, not measured"
Accelerated 7%,2027,C-2_Pres.Quirino,Circumferential,187874.88428000003,190810.7,0.9846139879996249,High,High,False,2027,"Synthetic scenario, not measured"
Accelerated 7%,2027,C-3_Araneta_Ave,Circumferential,132930.33185000002,152771.7,0.8701240599535124,Medium,Medium,False,2029,"Synthetic scenario, not measured"
Accelerated 7%,2027,C-4_EDSA,Circumferential,382953.59385000006,334486.5,1.1449000000000003,High,High,False,2025,"Synthetic scenario, not measured"
Accelerated 7%,2027,C-5_CP_Garcia,Circumferential,218362.08291,211917.7,1.0304098379229294,High,Medium,True,2026,"Synthetic scenario, not measured"
Accelerated 7%,2027,Marcos_Highway,Highway,256230.79531000002,238087.1,1.0762061250273536,High,Medium,True,2026,"Synthetic scenario, not measured"
Accelerated 7%,2027,McArthur_Highway,Highway,113397.65091000001,145655.7,0.7785321886476122,Medium,Low,True,2030,"Synthetic scenario, not measured"
Accelerated 7%,2027,R-10_Del_Pan,Radial,125553.05421,156661.3,0.8014299269187732,Medium,Low,True,2030,"Synthetic scenario, not measured"
Accelerated 7%,2027,R-1_Roxas_Blvd,Radial,188045.93234,186643.9,1.007511803707488,High,Medium,True,2027,"Synthetic scenario, not measured"
Accelerated 7%,2027,R-2_Taft_Ave,Radial,155693.34814,165839.8,0.9388177514685859,Medium,High,True,2028,"Synthetic scenario, not measured"
Accelerated 7%,2027,R-3_SSH,Radial,282954.13519000006,257440.7,1.0991041245226572,High,Medium,True,2025,"Synthetic scenario, not measured"
Accelerated 7%,2027,R-4_Shaw_Blvd,Radial,128531.51156000001,155922.8,0.8243278825162197,Medium,Low,True,2030,"Synthetic scenario, not measured"
Accelerated 7%,2027,R-5_Ortigas_Ave,Radial,182786.37623000002,190062.7,0.9617161927616519,High,Medium,True,2027,"Synthetic scenario, not measured"
Accelerated 7%,2027,R-6_Aurora_Blvd,Radial,132656.81524,156577.8,0.8472262047365591,Medium,Low,True,2029,"Synthetic scenario, not measured"
Accelerated 7%,2027,R-6_Magsaysay_Blvd,Radial,150314.49345,164113.1,0.9159201395257295,Medium,Low,True,2028,"Synthetic scenario, not measured"
Accelerated 7%,2027,R-7_Commonwealth,Radial,378685.17767000006,337508.5,1.1220018982336744,High,High,False,2025,"Synthetic scenario, not measured"
Accelerated 7%,2027,R-7_Quezon_Ave,Radial,233219.10673999996,221415.9,1.053307855217263,High,High,False,2026,"Synthetic scenario, not measured"
Accelerated 7%,2027,R-8_A.Bonifacio,Radial,140447.05831,157271.7,0.8930218107262781,Medium,Medium,False,2028,"Synthetic scenario, not measured"
Accelerated 7%,2027,R-9_Rizal_Ave,Radial,104062.82325,137715.9,0.7556340498809506,Medium,Low,True,2031,"Synthetic scenario, not measured"
Accelerated 7%,2028,C-1_Recto,Circumferential,108691.94017500001,138632.8,0.7840275906928232,Medium,Low,True,2031,"Synthetic scenario, not measured"
Accelerated 7%,2028,C-2_A.Mendoza,Circumferential,95340.44152660001,125526.1,0.7595268356668454,Medium,Low,True,2032,"Synthetic scenario, not measured"
Accelerated 7%,2028,C-2_Pres.Quirino,Circumferential,201026.12617960005,190810.7,1.0535369671595987,High,High,False,2027,"Synthetic scenario, not measured"
Accelerated 7%,2028,C-3_Araneta_Ave,Circumferential,142235.4550795,152771.7,0.9310327441502582,Medium,Medium,False,2029,"Synthetic scenario, not measured"
Accelerated 7%,2028,C-4_EDSA,Circumferential,409760.3454195,334486.5,1.225043,High,High,False,2025,"Synthetic scenario, not measured"
Accelerated 7%,2028,C-5_CP_Garcia,Circumferential,233647.42871370004,211917.7,1.1025385265775347,High,Medium,True,2026,"Synthetic scenario, not measured"
Accelerated 7%,2028,Marcos_Highway,Highway,274166.9509817,238087.1,1.151540553779268,High,Medium,True,2026,"Synthetic scenario, not measured"
Accelerated 7%,2028,McArthur_Highway,Highway,121335.4864737,145655.7,0.8330294418529449,Medium,Low,True,2030,"Synthetic scenario, not measured"
Accelerated 7%,2028,R-10_Del_Pan,Radial,134341.76800470002,156661.3,0.8575300218030875,Medium,Low,True,2030,"Synthetic scenario, not measured"
Accelerated 7%,2028,R-1_Roxas_Blvd,Radial,201209.1476038,186643.9,1.078037629967012,High,Medium,True,2027,"Synthetic scenario, not measured"
Accelerated 7%,2028,R-2_Taft_Ave,Radial,166591.88250980002,165839.8,1.0045349940713872,High,High,False,2028,"Synthetic scenario, not measured"
Accelerated 7%,2028,R-3_SSH,Radial,302760.9246533,257440.7,1.1760414132392432,High,Medium,True,2025,"Synthetic scenario, not measured"
Accelerated 7%,2028,R-4_Shaw_Blvd,Radial,137528.71736920002,155922.8,0.8820308342923552,Medium,Low,True,2030,"Synthetic scenario, not measured"
Accelerated 7%,2028,R-5_Ortigas_Ave,Radial,195581.42256610002,190062.7,1.0290363262549675,High,Medium,True,2027,"Synthetic scenario, not measured"
Accelerated 7%,2028,R-6_Aurora_Blvd,Radial,141942.79230680002,156577.8,0.9065320390681184,Medium,Low,True,2029,"Synthetic scenario, not measured"
Accelerated 7%,2028,R-6_Magsaysay_Blvd,Radial,160836.5079915,164113.1,0.9800345492925305,High,Low,True,2028,"Synthetic scenario, not measured"
Accelerated 7%,2028,R-7_Commonwealth,Radial,405193.1401069,337508.5,1.2005420311100314,High,High,False,2025,"Synthetic scenario, not measured"
Accelerated 7%,2028,R-7_Quezon_Ave,Radial,249544.4442118,221415.9,1.1270394050824715,High,High,False,2026,"Synthetic scenario, not measured"
Accelerated 7%,2028,R-8_A.Bonifacio,Radial,150278.3523917,157271.7,0.9555333374771176,High,Medium,True,2028,"Synthetic scenario, not measured"
Accelerated 7%,2028,R-9_Rizal_Ave,Radial,111347.22087749999,137715.9,0.808528433372617,Medium,Low,True,2031,"Synthetic scenario, not measured"
Accelerated 7%,2029,C-1_Recto,Circumferential,116300.37598725001,138632.8,0.8389095220413209,Medium,Low,True,2031,"Synthetic scenario, not measured"
Accelerated 7%,2029,C-2_A.Mendoza,Circumferential,102014.272433462,125526.1,0.8126937141635245,Medium,Low,True,2032,"Synthetic scenario, not measured"
Accelerated 7%,2029,C-2_Pres.Quirino,Circumferential,215097.95501217205,190810.7,1.1272845548607706,High,High,False,2027,"Synthetic scenario, not measured"
Accelerated 7%,2029,C-3_Araneta_Ave,Circumferential,152191.93693506502,152771.7,0.9962050362407764,High,Medium,True,2029,"Synthetic scenario, not measured"
Accelerated 7%,2029,C-4_EDSA,Circumferential,438443.5695988651,334486.5,1.3107960100000002,High,High,False,2025,"Synthetic scenario, not measured"
Accelerated 7%,2029,C-5_CP_Garcia,Circumferential,250002.74872365908,211917.7,1.1797162234379623,High,Medium,True,2026,"Synthetic scenario, not measured"
Accelerated 7%,2029,Marcos_Highway,Highway,293358.637550419,238087.1,1.232148392543817,High,Medium,True,2026,"Synthetic scenario, not measured"
Accelerated 7%,2029,McArthur_Highway,Highway,129828.97052685902,145655.7,0.8913415027826512,Medium,Low,True,2030,"Synthetic scenario, not measured"
Accelerated 7%,2029,R-10_Del_Pan,Radial,143745.69176502904,156661.3,0.9175571233293037,Medium,Low,True,2030,"Synthetic scenario, not measured"
Accelerated 7%,2029,R-1_Roxas_Blvd,Radial,215293.78793606602,186643.9,1.153500264064703,High,Medium,True,2027,"Synthetic scenario, not measured"
Accelerated 7%,2029,R-2_Taft_Ave,Radial,178253.31428548603,165839.8,1.0748524436563844,High,High,False,2028,"Synthetic scenario, not measured"
Accelerated 7%,2029,R-3_SSH,Radial,323954.1893790311,257440.7,1.2583643121659902,High,Medium,True,2025,"Synthetic scenario, not measured"
Accelerated 7%,2029,R-4_Shaw_Blvd,Radial,147155.72758504402,155922.8,0.94377299269282,Medium,Low,True,2030,"Synthetic scenario, not measured"
Accelerated 7%,2029,R-5_Ortigas_Ave,Radial,209272.12214572704,190062.7,1.1010688690928154,High,High,False,2027,"Synthetic scenario, not measured"
Accelerated 7%,2029,R-6_Aurora_Blvd,Radial,151878.78776827603,156577.8,0.9699892818028868,High,Low,True,2029,"Synthetic scenario, not measured"
Accelerated 7%,2029,R-6_Magsaysay_Blvd,Radial,172095.06355090503,164113.1,1.0486369677430079,High,Low,True,2028,"Synthetic scenario, not measured"
Accelerated 7%,2029,R-7_Commonwealth,Radial,433556.659914383,337508.5,1.2845799732877337,High,High,False,2025,"Synthetic scenario, not measured"
Accelerated 7%,2029,R-7_Quezon_Ave,Radial,267012.5553066261,221415.9,1.205932163438245,High,High,False,2026,"Synthetic scenario, not measured"
Accelerated 7%,2029,R-8_A.Bonifacio,Radial,160797.83705911905,157271.7,1.0224206711005162,High,Medium,True,2028,"Synthetic scenario, not measured"
Accelerated 7%,2029,R-9_Rizal_Ave,Radial,119141.52633892503,137715.9,0.8651254237087006,Medium,Low,True,2031,"Synthetic scenario, not measured"
Accelerated 7%,2030,C-1_Recto,Circumferential,124441.40230635754,138632.8,0.8976331885842135,Medium,Low,True,2031,"Synthetic scenario, not measured"
Accelerated 7%,2030,C-2_A.Mendoza,Circumferential,109155.27150380437,125526.1,0.8695822741549715,Medium,Low,True,2032,"Synthetic scenario, not measured"
Accelerated 7%,2030,C-2_Pres.Quirino,Circumferential,230154.8118630241,190810.7,1.2061944737010246,High,High,False,2027,"Synthetic scenario, not measured"
Accelerated 7%,2030,C-3_Araneta_Ave,Circumferential,162845.3725205196,152771.7,1.0659393887776307,High,Medium,True,2029,"Synthetic scenario, not measured"
Accelerated 7%,2030,C-4_EDSA,Circumferential,469134.6194707856,334486.5,1.4025517307000002,High,High,False,2025,"Synthetic scenario, not measured"
Accelerated 7%,2030,C-5_CP_Garcia,Circumferential,267502.9411343152,211917.7,1.2622963590786196,High,Medium,True,2026,"Synthetic scenario, not measured"
Accelerated 7%,2030,Marcos_Highway,Highway,313893.7421789484,238087.1,1.3183987800218844,High,Medium,True,2026,"Synthetic scenario, not measured"
Accelerated 7%,2030,McArthur_Highway,Highway,138916.99846373918,145655.7,0.9537354079774369,High,Low,True,2030,"Synthetic scenario, not measured"
Accelerated 7%,2030,R-10_Del_Pan,Radial,153807.89018858108,156661.3,0.981786121962355,High,Low,True,2030,"Synthetic scenario, not measured"
Accelerated 7%,2030,R-1_Roxas_Blvd,Radial,230364.35309159066,186643.9,1.2342452825492323,High,Medium,True,2027,"Synthetic scenario, not measured"
Accelerated 7%,2030,R-2_Taft_Ave,Radial,190731.04628547005,165839.8,1.150092114712331,High,High,False,2028,"Synthetic scenario, not measured"
Accelerated 7%,2030,R-3_SSH,Radial,346630.9826355633,257440.7,1.3464498140176098,High,Medium,True,2025,"Synthetic scenario, not measured"
Accelerated 7%,2030,R-4_Shaw_Blvd,Radial,157456.62851599712,155922.8,1.0098371021813175,High,Low,True,2030,"Synthetic scenario, not measured"
Accelerated 7%,2030,R-5_Ortigas_Ave,Radial,223921.17069592795,190062.7,1.1781436899293125,High,High,False,2027,"Synthetic scenario, not measured"
Accelerated 7%,2030,R-6_Aurora_Blvd,Radial,162510.3029120553,156577.8,1.0378885315290887,High,Low,True,2029,"Synthetic scenario, not measured"
Accelerated 7%,2030,R-6_Magsaysay_Blvd,Radial,184141.7179994684,164113.1,1.1220415554850185,High,Low,True,2028,"Synthetic scenario, not measured"
Accelerated 7%,2030,R-7_Commonwealth,Radial,463905.62610839,337508.5,1.3745005714178753,High,High,False,2025,"Synthetic scenario, not measured"
Accelerated 7%,2030,R-7_Quezon_Ave,Radial,285703.4341780899,221415.9,1.290347414878922,High,High,False,2026,"Synthetic scenario, not measured"
Accelerated 7%,2030,R-8_A.Bonifacio,Radial,172053.6856532574,157271.7,1.0939901180775522,High,Medium,True,2028,"Synthetic scenario, not measured"
Accelerated 7%,2030,R-9_Rizal_Ave,Radial,127481.4331826498,137715.9,0.9256842033683097,Medium,Low,True,2031,"Synthetic scenario, not measured"
Accelerated 7%,2031,C-1_Recto,Circumferential,133152.30046780256,138632.8,0.9604675117851084,High,Low,True,2031,"Synthetic scenario, not measured"
Accelerated 7%,2031,C-2_A.Mendoza,Circumferential,116796.14050907068,125526.1,0.9304530333458195,Medium,Low,True,2032,"Synthetic scenario, not measured"
Accelerated 7%,2031,C-2_Pres.Quirino,Circumferential,246265.6486934358,190810.7,1.2906280868600963,High,High,False,2027,"Synthetic scenario, not measured"
Accelerated 7%,2031,C-3_Araneta_Ave,Circumferential,174244.54859695598,152771.7,1.140555145992065,High,Medium,True,2029,"Synthetic scenario, not measured"
Accelerated 7%,2031,C-4_EDSA,Circumferential,501974.04283374076,334486.5,1.5007303518490007,High,High,False,2025,"Synthetic scenario, not measured"
Accelerated 7%,2031,C-5_CP_Garcia,Circumferential,286228.1470137173,211917.7,1.350657104214123,High,Medium,True,2026,"Synthetic scenario, not measured"
Accelerated 7%,2031,Marcos_Highway,Highway,335866.30413147475,238087.1,1.4106866946234162,High,Medium,True,2026,"Synthetic scenario, not measured"
Accelerated 7%,2031,McArthur_Highway,Highway,148641.1883562009,145655.7,1.0204968865358575,High,Low,True,2030,"Synthetic scenario, not measured"
Accelerated 7%,2031,R-10_Del_Pan,Radial,164574.44250178177,156661.3,1.05051115049972,High,Low,True,2030,"Synthetic scenario, not measured"
Accelerated 7%,2031,R-1_Roxas_Blvd,Radial,246489.85780800204,186643.9,1.3206424523276787,High,Medium,True,2027,"Synthetic scenario, not measured"
Accelerated 7%,2031,R-2_Taft_Ave,Radial,204082.21952545297,165839.8,1.2305985627421945,High,High,False,2028,"Synthetic scenario, not measured"
Accelerated 7%,2031,R-3_SSH,Radial,370895.1514200527,257440.7,1.4407013009988423,High,Medium,True,2025,"Synthetic scenario, not measured"
Accelerated 7%,2031,R-4_Shaw_Blvd,Radial,168478.5925121169,155922.8,1.0805256993340098,High,Low,True,2030,"Synthetic scenario, not measured"
Accelerated 7%,2031,R-5_Ortigas_Ave,Radial,239595.65264464292,190062.7,1.2606137482243644,High,High,False,2027,"Synthetic scenario, not measured"
Accelerated 7%,2031,R-6_Aurora_Blvd,Radial,173886.0241158993,156577.8,1.1105407287361255,High,Low,True,2029,"Synthetic scenario, not measured"
Accelerated 7%,2031,R-6_Magsaysay_Blvd,Radial,197031.63825943123,164113.1,1.20058446436897,High,Low,True,2028,"Synthetic scenario, not measured"
Accelerated 7%,2031,R-7_Commonwealth,Radial,496379.0199359773,337508.5,1.4707156114171267,High,High,False,2025,"Synthetic scenario, not measured"
Accelerated 7%,2031,R-7_Quezon_Ave,Radial,305702.6745705562,221415.9,1.3806717339204466,High,High,False,2026,"Synthetic scenario, not measured"
Accelerated 7%,2031,R-8_A.Bonifacio,Radial,184097.44364898538,157271.7,1.1705694263429807,High,Medium,True,2028,"Synthetic scenario, not measured"
Accelerated 7%,2031,R-9_Rizal_Ave,Radial,136405.13350543528,137715.9,0.9904820976040913,High,Low,True,2031,"Synthetic scenario, not measured"
Accelerated 7%,2032,C-1_Recto,Circumferential,142472.96150054876,138632.8,1.0277002376100661,High,Low,True,2031,"Synthetic scenario, not measured"
Accelerated 7%,2032,C-2_A.Mendoza,Circumferential,124971.87034470563,125526.1,0.9955847456800269,High,High,False,2032,"Synthetic scenario, not measured"
Accelerated 7%,2032,C-2_Pres.Quirino,Circumferential,263504.2441019763,190810.7,1.380972052940303,High,High,False,2027,"Synthetic scenario, not measured"
Accelerated 7%,2032,C-3_Araneta_Ave,Circumferential,186441.66699874288,152771.7,1.2203940062115095,High,Medium,True,2029,"Synthetic scenario, not measured"
Accelerated 7%,2032,C-4_EDSA,Circumferential,537112.2258321026,334486.5,1.6057814764784306,High,High,False,2025,"Synthetic scenario, not measured"
Accelerated 7%,2032,C-5_CP_Garcia,Circumferential,306264.1173046775,211917.7,1.4452031015091116,High,Medium,True,2026,"Synthetic scenario, not measured"
Accelerated 7%,2032,Marcos_Highway,Highway,359376.9454206781,238087.1,1.509434763247056,High,Medium,True,2026,"Synthetic scenario, not measured"
Accelerated 7%,2032,McArthur_Highway,Highway,159046.07154113497,145655.7,1.0919316685933675,High,Low,True,2030,"Synthetic scenario, not measured"
Accelerated 7%,2032,R-10_Del_Pan,Radial,176094.6534769065,156661.3,1.1240469310347005,High,Low,True,2030,"Synthetic scenario, not measured"
Accelerated 7%,2032,R-1_Roxas_Blvd,Radial,263744.1478545622,186643.9,1.4130874239906164,High,Medium,True,2027,"Synthetic scenario, not measured"
Accelerated 7%,2032,R-2_Taft_Ave,Radial,218367.97489223472,165839.8,1.3167404621341483,High,High,False,2028,"Synthetic scenario, not measured"
Accelerated 7%,2032,R-3_SSH,Radial,396857.8120194564,257440.7,1.5415503920687614,High,Medium,True,2025,"Synthetic scenario, not measured"
Accelerated 7%,2032,R-4_Shaw_Blvd,Radial,180272.09398796514,155922.8,1.1561624982873906,High,Low,True,2030,"Synthetic scenario, not measured"
Accelerated 7%,2032,R-5_Ortigas_Ave,Radial,256367.34832976793,190062.7,1.34885671060007,High,High,False,2027,"Synthetic scenario, not measured"
Accelerated 7%,2032,R-6_Aurora_Blvd,Radial,186058.0458040122,156577.8,1.1882785797476538,High,Low,True,2029,"Synthetic scenario, not measured"
Accelerated 7%,2032,R-6_Magsaysay_Blvd,Radial,210823.8529375914,164113.1,1.284625376874798,High,Low,True,2028,"Synthetic scenario, not measured"
Accelerated 7%,2032,R-7_Commonwealth,Radial,531125.5513314956,337508.5,1.5736657042163253,High,High,False,2025,"Synthetic scenario, not measured"
Accelerated 7%,2032,R-7_Quezon_Ave,Radial,327101.8617904951,221415.9,1.4773187552948777,High,High,False,2026,"Synthetic scenario, not measured"
Accelerated 7%,2032,R-8_A.Bonifacio,Radial,196984.2647044144,157271.7,1.2525092861869898,High,Medium,True,2028,"Synthetic scenario, not measured"
Accelerated 7%,2032,R-9_Rizal_Ave,Radial,145953.49285081573,137715.9,1.0598158444363777,High,Low,True,2031,"Synthetic scenario, not measured"
Accelerated 7%,2033,C-1_Recto,Circumferential,152446.06880558716,138632.8,1.0996392542427706,High,Low,True,2031,"Synthetic scenario, not measured"
Accelerated 7%,2033,C-2_A.Mendoza,Circumferential,133719.90126883503,125526.1,1.065275677877629,High,High,False,2032,"Synthetic scenario, not measured"
Accelerated 7%,2033,C-2_Pres.Quirino,Circumferential,281949.5411891147,190810.7,1.4776400966461245,High,High,False,2027,"Synthetic scenario, not measured"
Accelerated 7%,2033,C-3_Araneta_Ave,Circumferential,199492.58368865494,152771.7,1.3058215866463154,High,Medium,True,2029,"Synthetic scenario, not measured"
Accelerated 7%,2033,C-4_EDSA,Circumferential,574710.0816403498,334486.5,1.718186179831921,High,High,False,2025,"Synthetic scenario, not measured"
Accelerated 7%,2033,C-5_CP_Garcia,Circumferential,327702.60551600496,211917.7,1.5463673186147497,High,Medium,True,2026,"Synthetic scenario, not measured"
Accelerated 7%,2033,Marcos_Highway,Highway,384533.3316001256,238087.1,1.6150951966743499,High,Medium,True,2026,"Synthetic scenario, not measured"
Accelerated 7%,2033,McArthur_Highway,Highway,170179.29654901446,145655.7,1.1683668853949034,High,Low,True,2030,"Synthetic scenario, not measured"
Accelerated 7%,2033,R-10_Del_Pan,Radial,188421.27922029,156661.3,1.2027302162071296,High,Low,True,2030,"Synthetic scenario, not measured"
Accelerated 7%,2033,R-1_Roxas_Blvd,Radial,282206.2382043816,186643.9,1.5120035436699597,High,Medium,True,2027,"Synthetic scenario, not measured"
Accelerated 7%,2033,R-2_Taft_Ave,Radial,233653.73313469114,165839.8,1.4089122944835386,High,High,False,2028,"Synthetic scenario, not measured"
Accelerated 7%,2033,R-3_SSH,Radial,424637.85886081844,257440.7,1.649458919513575,High,Medium,True,2025,"Synthetic scenario, not measured"
Accelerated 7%,2033,R-4_Shaw_Blvd,Radial,192891.1405671227,155922.8,1.237093873167508,High,Low,True,2030,"Synthetic scenario, not measured"
Accelerated 7%,2033,R-5_Ortigas_Ave,Radial,274313.0627128517,190062.7,1.443276680342075,High,High,False,2027,"Synthetic scenario, not measured"
Accelerated 7%,2033,R-6_Aurora_Blvd,Radial,199082.10901029312,156577.8,1.2714580803299902,High,Low,True,2029,"Synthetic scenario, not measured"
Accelerated 7%,2033,R-6_Magsaysay_Blvd,Radial,225581.5226432228,164113.1,1.3745491532560337,High,Low,True,2028,"Synthetic scenario, not measured"
Accelerated 7%,2033,R-7_Commonwealth,Radial,568304.3399247004,337508.5,1.6838223035114683,High,High,False,2025,"Synthetic scenario, not measured"
Accelerated 7%,2033,R-7_Quezon_Ave,Radial,349998.99211582984,221415.9,1.5807310681655196,High,High,False,2026,"Synthetic scenario, not measured"
Accelerated 7%,2033,R-8_A.Bonifacio,Radial,210773.16323372343,157271.7,1.340184936220079,High,Medium,True,2028,"Synthetic scenario, not measured"
Accelerated 7%,2033,R-9_Rizal_Ave,Radial,156170.23735037286,137715.9,1.1340029535469243,High,Low,True,2031,"Synthetic scenario, not measured"
Accelerated 7%,2034,C-1_Recto,Circumferential,163117.2936219783,138632.8,1.1766140020397649,High,Low,True,2031,"Synthetic scenario, not measured"
Accelerated 7%,2034,C-2_A.Mendoza,Circumferential,143080.29435765347,125526.1,1.1398449753290627,High,High,False,2032,"Synthetic scenario, not measured"
Accelerated 7%,2034,C-2_Pres.Quirino,Circumferential,301686.0090723527,190810.7,1.5810749034113534,High,High,False,2027,"Synthetic scenario, not measured"
Accelerated 7%,2034,C-3_Araneta_Ave,Circumferential,213457.0645468608,152771.7,1.3972290977115578,High,High,False,2029,"Synthetic scenario, not measured"
Accelerated 7%,2034,C-4_EDSA,Circumferential,614939.7873551743,334486.5,1.8384592124201553,High,High,False,2025,"Synthetic scenario, not measured"
Accelerated 7%,2034,C-5_CP_Garcia,Circumferential,350641.7879021254,211917.7,1.6546130309177827,High,Medium,True,2026,"Synthetic scenario, not measured"
Accelerated 7%,2034,Marcos_Highway,Highway,411450.66481213435,238087.1,1.728151860441554,High,Medium,True,2026,"Synthetic scenario, not measured"
Accelerated 7%,2034,McArthur_Highway,Highway,182091.8473074455,145655.7,1.250152567372547,High,Low,True,2030,"Synthetic scenario, not measured"
Accelerated 7%,2034,R-10_Del_Pan,Radial,201610.7687657103,156661.3,1.2869213313416288,High,Low,True,2030,"Synthetic scenario, not measured"
Accelerated 7%,2034,R-1_Roxas_Blvd,Radial,301960.67487868835,186643.9,1.617843791726857,High,Medium,True,2027,"Synthetic scenario, not measured"
Accelerated 7%,2034,R-2_Taft_Ave,Radial,250009.4944541196,165839.8,1.5075361550973867,High,High,False,2028,"Synthetic scenario, not measured"
Accelerated 7%,2034,R-3_SSH,Radial,454362.5089810758,257440.7,1.7649210438795255,High,Medium,True,2025,"Synthetic scenario, not measured"
Accelerated 7%,2034,R-4_Shaw_Blvd,Radial,206393.52040682134,155922.8,1.3236904442892339,High,High,False,2030,"Synthetic scenario, not measured"
Accelerated 7%,2034,R-5_Ortigas_Ave,Radial,293514.9771027514,190062.7,1.5443060479660204,High,High,False,2027,"Synthetic scenario, not measured"
Accelerated 7%,2034,R-6_Aurora_Blvd,Radial,213017.8566410136,156577.8,1.3604601459530894,High,Low,True,2029,"Synthetic scenario, not measured"
Accelerated 7%,2034,R-6_Magsaysay_Blvd,Radial,241372.2292282484,164113.1,1.4707675939839562,High,Low,True,2028,"Synthetic scenario, not measured"
Accelerated 7%,2034,R-7_Commonwealth,Radial,608085.6437194295,337508.5,1.8016898647572712,High,High,False,2025,"Synthetic scenario, not measured"
Accelerated 7%,2034,R-7_Quezon_Ave,Radial,374498.921563938,221415.9,1.6913822429371064,High,High,False,2026,"Synthetic scenario, not measured"
Accelerated 7%,2034,R-8_A.Bonifacio,Radial,225527.28466008406,157271.7,1.4339978817554846,High,Medium,True,2028,"Synthetic scenario, not measured"
Accelerated 7%,2034,R-9_Rizal_Ave,Radial,167102.15396489901,137715.9,1.2133831602952094,High,Low,True,2031,"Synthetic scenario, not measured"
Accelerated 7%,2035,C-1_Recto,Circumferential,174535.50417551678,138632.8,1.2589769821825483,High,Low,True,2031,"Synthetic scenario, not measured"
Accelerated 7%,2035,C-2_A.Mendoza,Circumferential,153095.91496268928,125526.1,1.2196341236020976,High,High,False,2032,"Synthetic scenario, not measured"
Accelerated 7%,2035,C-2_Pres.Quirino,Circumferential,322804.0297074174,190810.7,1.6917501466501481,High,High,False,2027,"Synthetic scenario, not measured"
Accelerated 7%,2035,C-3_Araneta_Ave,Circumferential,228399.05906514107,152771.7,1.4950351345513668,High,High,False,2029,"Synthetic scenario, not measured"
Accelerated 7%,2035,C-4_EDSA,Circumferential,657985.5724700367,334486.5,1.9671513572895667,High,High,False,2025,"Synthetic scenario, not measured"
Accelerated 7%,2035,C-5_CP_Garcia,Circumferential,375186.71305527416,211917.7,1.7704359430820273,High,Medium,True,2026,"Synthetic scenario, not measured"
Accelerated 7%,2035,Marcos_Highway,Highway,440252.21134898375,238087.1,1.8491224906724628,High,Medium,True,2026,"Synthetic scenario, not measured"
Accelerated 7%,2035,McArthur_Highway,Highway,194838.27661896666,145655.7,1.337663247088625,High,Low,True,2030,"Synthetic scenario, not measured"
Accelerated 7%,2035,R-10_Del_Pan,Radial,215723.52257931,156661.3,1.3770058245355428,High,Low,True,2030,"Synthetic scenario, not measured"
Accelerated 7%,2035,R-1_Roxas_Blvd,Radial,323097.9221201965,186643.9,1.731092857147737,High,Medium,True,2027,"Synthetic scenario, not measured"
Accelerated 7%,2035,R-2_Taft_Ave,Radial,267510.15906590794,165839.8,1.6130636859542038,High,High,False,2028,"Synthetic scenario, not measured"
Accelerated 7%,2035,R-3_SSH,Radial,486167.88460975105,257440.7,1.8884655169510922,High,Medium,True,2025,"Synthetic scenario, not measured"
Accelerated 7%,2035,R-4_Shaw_Blvd,Radial,220841.0668352988,155922.8,1.4163487753894801,High,High,False,2030,"Synthetic scenario, not measured"
Accelerated 7%,2035,R-5_Ortigas_Ave,Radial,314061.025499944,190062.7,1.652407471323642,High,High,False,2027,"Synthetic scenario, not measured"
Accelerated 7%,2035,R-6_Aurora_Blvd,Radial,227929.1066058846,156577.8,1.4556923561698056,High,Low,True,2029,"Synthetic scenario, not measured"
Accelerated 7%,2035,R-6_Magsaysay_Blvd,Radial,258268.2852742258,164113.1,1.5737213255628333,High,Low,True,2028,"Synthetic scenario, not measured"
Accelerated 7%,2035,R-7_Commonwealth,Radial,650651.6387797897,337508.5,1.9278081552902806,High,High,False,2025,"Synthetic scenario, not measured"
Accelerated 7%,2035,R-7_Quezon_Ave,Radial,400713.8460734136,221415.9,1.8097789999427034,High,High,False,2026,"Synthetic scenario, not measured"
Accelerated 7%,2035,R-8_A.Bonifacio,Radial,241314.19458629,157271.7,1.5343777334783688,High,Medium,True,2028,"Synthetic scenario, not measured"
Accelerated 7%,2035,R-9_Rizal_Ave,Radial,178799.30474244192,137715.9,1.298319981515874,High,Low,True,2031,"Synthetic scenario, not measured"
Transit shift 20%,2025,C-1_Recto,Circumferential,88725.0,138632.8,0.6400000577064014,Low,Low,False,,"Synthetic scenario, not measured"
Transit shift 20%,2025,C-2_A.Mendoza,Circumferential,77826.2,125526.1,0.6200001433964729,Low,Low,False,,"Synthetic scenario, not measured"
Transit shift 20%,2025,C-2_Pres.Quirino,Circumferential,164097.2,190810.7,0.8599999895184075,Medium,High,True,2030,"Synthetic scenario, not measured"
Transit shift 20%,2025,C-3_Araneta_Ave,Circumferential,116106.5,152771.7,0.7600000523657195,Medium,Medium,False,2034,"Synthetic scenario, not measured"
Transit shift 20%,2025,C-4_EDSA,Circumferential,334486.50000000006,334486.5,1.0000000000000002,High,High,False,2025,"Synthetic scenario, not measured"
Transit shift 20%,2025,C-5_CP_Garcia,Circumferential,190725.9,211917.7,0.8999998584356096,Medium,Medium,False,2029,"Synthetic scenario, not measured"
Transit shift 20%,2025,Marcos_Highway,Highway,223801.9,238087.1,0.9400001092037326,Medium,Medium,False,2028,"Synthetic scenario, not measured"
Transit shift 20%,2025,McArthur_Highway,Highway,99045.90000000001,145655.7,0.6800001647721304,Low,Low,False,2034,"Synthetic scenario, not measured"
Transit shift 20%,2025,R-10_Del_Pan,Radial,109662.90000000001,156661.3,0.6999999361680262,Low,Low,False,2034,"Synthetic scenario, not measured"
Transit shift 20%,2025,R-1_Roxas_Blvd,Radial,164246.6,186643.9,0.879999828550518,Medium,Medium,False,2030,"Synthetic scenario, not measured"
Transit shift 20%,2025,R-2_Taft_Ave,Radial,135988.6,165839.8,0.8199997829230379,Medium,High,True,2031,"Synthetic scenario, not measured"
Transit shift 20%,2025,R-3_SSH,Radial,247143.1,257440.7,0.9600001087629112,High,Medium,True,2025,"Synthetic scenario, not measured"
Transit shift 20%,2025,R-4_Shaw_Blvd,Radial,112264.40000000001,155922.8,0.7199998973851164,Medium,Low,True,2034,"Synthetic scenario, not measured"
Transit shift 20%,2025,R-5_Ortigas_Ave,Radial,159652.69999999998,190062.7,0.8400001683654919,Medium,Medium,False,2030,"Synthetic scenario, not measured"
Transit shift 20%,2025,R-6_Aurora_Blvd,Radial,115867.59999999999,156577.8,0.7400001788248398,Medium,Low,True,2033,"Synthetic scenario, not measured"
Transit shift 20%,2025,R-6_Magsaysay_Blvd,Radial,131290.5,164113.1,0.8000001218671757,Medium,Low,True,2031,"Synthetic scenario, not measured"
Transit shift 20%,2025,R-7_Commonwealth,Radial,330758.30000000005,337508.5,0.9799999111133498,High,High,False,2025,"Synthetic scenario, not measured"
Transit shift 20%,2025,R-7_Quezon_Ave,Radial,203702.6,221415.9,0.9199998735411504,Medium,High,True,2029,"Synthetic scenario, not measured"
Transit shift 20%,2025,R-8_A.Bonifacio,Radial,122671.9,157271.7,0.779999834681001,Medium,Low,True,2032,"Synthetic scenario, not measured"
Transit shift 20%,2025,R-9_Rizal_Ave,Radial,90892.5,137715.9,0.660000043567954,Low,Low,False,2035,"Synthetic scenario, not measured"
Transit shift 20%,2026,C-1_Recto,Circumferential,87384.0103125,138632.8,0.6303270965637281,Low,Low,False,,"Synthetic scenario, not measured"
Transit shift 20%,2026,C-2_A.Mendoza,Circumferential,73940.75150000001,125526.1,0.5890468316947631,Low,Low,False,,"Synthetic scenario, not measured"
Transit shift 20%,2026,C-2_Pres.Quirino,Circumferential,155950.78399999999,190810.7,0.8173062831382096,Medium,Medium,False,2030,"Synthetic scenario, not measured"
Transit shift 20%,2026,C-3_Araneta_Ave,Circumferential,106135.555625,152771.7,0.6947330927455804,Low,Low,False,2034,"Synthetic scenario, not measured"
Transit shift 20%,2026,C-4_EDSA,Circumferential,307592.09249999997,334486.5,0.9195949388091895,Medium,High,True,2025,"Synthetic scenario, not measured"
Transit shift 20%,2026,C-5_CP_Garcia,Circumferential,179899.58456249998,211917.7,0.8489125002890271,Medium,Medium,False,2029,"Synthetic scenario, not measured"
Transit shift 20%,2026,Marcos_Highway,Highway,210386.34924999997,238087.1,0.8836528701051001,Medium,Medium,False,2028,"Synthetic scenario, not measured"
Transit shift 20%,2026,McArthur_Highway,Highway,97383.2495625,145655.7,0.6685852291568404,Low,Low,False,2034,"Synthetic scenario, not measured"
Transit shift 20%,2026,R-10_Del_Pan,Radial,107517.72487499999,156661.3,0.6863068599264783,Low,Low,False,2034,"Synthetic scenario, not measured"
Transit shift 20%,2026,R-1_Roxas_Blvd,Radial,153851.8623125,186643.9,0.8243069412528349,Medium,Medium,False,2030,"Synthetic scenario, not measured"
Transit shift 20%,2026,R-2_Taft_Ave,Radial,131512.57074999998,165839.8,0.7930097042446987,Medium,High,True,2031,"Synthetic scenario, not measured"
Transit shift 20%,2026,R-3_SSH,Radial,229446.2479375,257440.7,0.8912586391254375,Medium,Medium,False,2025,"Synthetic scenario, not measured"
Transit shift 20%,2026,R-4_Shaw_Blvd,Radial,105812.80737499999,155922.8,0.6786230581736603,Low,Low,False,2034,"Synthetic scenario, not measured"
Transit shift 20%,2026,R-5_Ortigas_Ave,Radial,152718.01118749997,190062.7,0.8035138466805952,Medium,Medium,False,2030,"Synthetic scenario, not measured"
Transit shift 20%,2026,R-6_Aurora_Blvd,Radial,110472.21418749998,156577.8,0.7055420001270933,Medium,Low,True,2033,"Synthetic scenario, not measured"
Transit shift 20%,2026,R-6_Magsaysay_Blvd,Radial,126933.99468749999,164113.1,0.7734543719392296,Medium,Low,True,2031,"Synthetic scenario, not measured"
Transit shift 20%,2026,R-7_Commonwealth,Radial,311853.7853749999,337508.5,0.923987945118419,Medium,High,True,2025,"Synthetic scenario, not measured"
Transit shift 20%,2026,R-7_Quezon_Ave,Radial,191281.80293749998,221415.9,0.863902741119766,Medium,High,True,2029,"Synthetic scenario, not measured"
Transit shift 20%,2026,R-8_A.Bonifacio,Radial,117259.41081249998,157271.7,0.7455849387556691,Medium,Low,True,2032,"Synthetic scenario, not measured"
Transit shift 20%,2026,R-9_Rizal_Ave,Radial,88996.77187499999,137715.9,0.6462345442683088,Low,Low,False,2035,"Synthetic scenario, not measured"
Transit shift 20%,2027,C-1_Recto,Circumferential,91316.2907765625,138632.8,0.6586918159090959,Low,Low,False,,"Synthetic scenario, not measured"
Transit shift 20%,2027,C-2_A.Mendoza,Circumferential,77268.0853175,125526.1,0.6155539391210273,Low,Low,False,,"Synthetic scenario, not measured"
Transit shift 20%,2027,C-2_Pres.Quirino,Circumferential,162968.56927999997,190810.7,0.854085065879429,Medium,Medium,False,2030,"Synthetic scenario, not measured"
Transit shift 20%,2027,C-3_Araneta_Ave,Circumferential,110911.655628125,152771.7,0.7259960819191316,Medium,Low,True,2034,"Synthetic scenario, not measured"
Transit shift 20%,2027,C-4_EDSA,Circumferential,321433.7366625,334486.5,0.9609767110556032,High,High,False,2025,"Synthetic scenario, not measured"
Transit shift 20%,2027,C-5_CP_Garcia,Circumferential,187995.06586781243,211917.7,0.8871135628020331,Medium,Medium,False,2029,"Synthetic scenario, not measured"
Transit shift 20%,2027,Marcos_Highway,Highway,219853.73496624996,238087.1,0.9234172492598295,Medium,Medium,False,2028,"Synthetic scenario, not measured"
Transit shift 20%,2027,McArthur_Highway,Highway,101765.49579281248,145655.7,0.698671564468898,Low,Low,False,2034,"Synthetic scenario, not measured"
Transit shift 20%,2027,R-10_Del_Pan,Radial,112356.02249437498,156661.3,0.7171906686231698,Medium,Low,True,2034,"Synthetic scenario, not measured"
Transit shift 20%,2027,R-1_Roxas_Blvd,Radial,160775.19611656247,186643.9,0.8614007536092124,Medium,Medium,False,2030,"Synthetic scenario, not measured"
Transit shift 20%,2027,R-2_Taft_Ave,Radial,137430.63643374998,165839.8,0.8286951409357102,Medium,High,True,2031,"Synthetic scenario, not measured"
Transit shift 20%,2027,R-3_SSH,Radial,239771.32909468745,257440.7,0.9313652778860819,Medium,Medium,False,2025,"Synthetic scenario, not measured"
Transit shift 20%,2027,R-4_Shaw_Blvd,Radial,110574.38370687497,155922.8,0.7091610957914749,Medium,Low,True,2034,"Synthetic scenario, not measured"
Transit shift 20%,2027,R-5_Ortigas_Ave,Radial,159590.32169093745,190062.7,0.8396719697812218,Medium,Medium,False,2030,"Synthetic scenario, not measured"
Transit shift 20%,2027,R-6_Aurora_Blvd,Radial,115443.46382593748,156577.8,0.7372913901328125,Medium,Low,True,2033,"Synthetic scenario, not measured"
Transit shift 20%,2027,R-6_Magsaysay_Blvd,Radial,132646.02444843747,164113.1,0.8082598186764949,Medium,Low,True,2031,"Synthetic scenario, not measured"
Transit shift 20%,2027,R-7_Commonwealth,Radial,325887.2057168749,337508.5,0.9655674026487479,High,High,False,2025,"Synthetic scenario, not measured"
Transit shift 20%,2027,R-7_Quezon_Ave,Radial,199889.48406968746,221415.9,0.9027783644701554,Medium,High,True,2029,"Synthetic scenario, not measured"
Transit shift 20%,2027,R-8_A.Bonifacio,Radial,122536.08429906247,157271.7,0.7791362609996741,Medium,Low,True,2032,"Synthetic scenario, not measured"
Transit shift 20%,2027,R-9_Rizal_Ave,Radial,93001.62660937499,137715.9,0.6753150987603828,Low,Low,False,2035,"Synthetic scenario, not measured"
Transit shift 20%,2028,C-1_Recto,Circumferential,95425.5238615078,138632.8,0.6883329476250051,Low,Low,False,,"Synthetic scenario, not measured"
Transit shift 20%,2028,C-2_A.Mendoza,Circumferential,80745.14915678749,125526.1,0.6432538663814735,Low,Low,False,,"Synthetic scenario, not measured"
Transit shift 20%,2028,C-2_Pres.Quirino,Circumferential,170302.15489759998,190810.7,0.8925188938440033,Medium,Medium,False,2030,"Synthetic scenario, not measured"
Transit shift 20%,2028,C-3_Araneta_Ave,Circumferential,115902.6801313906,152771.7,0.7586659056054923,Medium,Low,True,2034,"Synthetic scenario, not measured"
Transit shift 20%,2028,C-4_EDSA,Circumferential,335898.2548123124,334486.5,1.004220663053105,High,High,False,2025,"Synthetic scenario, not measured"
Transit shift 20%,2028,C-5_CP_Garcia,Circumferential,196454.84383186407,211917.7,0.927033673128125,Medium,Medium,False,2029,"Synthetic scenario, not measured"
Transit shift 20%,2028,Marcos_Highway,Highway,229747.15303973126,238087.1,0.964971025476522,High,Medium,True,2028,"Synthetic scenario, not measured"
Transit shift 20%,2028,McArthur_Highway,Highway,106344.94310348904,145655.7,0.7301117848699985,Medium,Low,True,2034,"Synthetic scenario, not measured"
Transit shift 20%,2028,R-10_Del_Pan,Radial,117412.04350662186,156661.3,0.7494642487112125,Medium,Low,True,2034,"Synthetic scenario, not measured"
Transit shift 20%,2028,R-1_Roxas_Blvd,Radial,168010.07994180778,186643.9,0.900163787521627,Medium,Medium,False,2030,"Synthetic scenario, not measured"
Transit shift 20%,2028,R-2_Taft_Ave,Radial,143615.01507326873,165839.8,0.8659864222778172,Medium,High,True,2031,"Synthetic scenario, not measured"
Transit shift 20%,2028,R-3_SSH,Radial,250561.03890394839,257440.7,0.9732767153909556,High,Medium,True,2025,"Synthetic scenario, not measured"
Transit shift 20%,2028,R-4_Shaw_Blvd,Radial,115550.23097368435,155922.8,0.7410733451020912,Medium,Low,True,2034,"Synthetic scenario, not measured"
Transit shift 20%,2028,R-5_Ortigas_Ave,Radial,166771.88616702965,190062.7,0.877457208421377,Medium,Medium,False,2030,"Synthetic scenario, not measured"
Transit shift 20%,2028,R-6_Aurora_Blvd,Radial,120638.41969810467,156577.8,0.7704695026887891,Medium,Low,True,2033,"Synthetic scenario, not measured"
Transit shift 20%,2028,R-6_Magsaysay_Blvd,Radial,138615.09554861716,164113.1,0.8446315105169371,Medium,Low,True,2031,"Synthetic scenario, not measured"
Transit shift 20%,2028,R-7_Commonwealth,Radial,340552.1299741343,337508.5,1.0090179357679416,High,High,False,2025,"Synthetic scenario, not measured"
Transit shift 20%,2028,R-7_Quezon_Ave,Radial,208884.5108528234,221415.9,0.9434033908713124,Medium,High,True,2029,"Synthetic scenario, not measured"
Transit shift 20%,2028,R-8_A.Bonifacio,Radial,128050.20809252028,157271.7,0.8141973927446595,Medium,Low,True,2032,"Synthetic scenario, not measured"
Transit shift 20%,2028,R-9_Rizal_Ave,Radial,97186.69980679685,137715.9,0.7057042782045999,Medium,Low,True,2035,"Synthetic scenario, not measured"
Transit shift 20%,2029,C-1_Recto,Circumferential,99719.67243527564,138632.8,0.7193079302681302,Medium,Low,True,,"Synthetic scenario, not measured"
Transit shift 20%,2029,C-2_A.Mendoza,Circumferential,84378.68086884293,125526.1,0.6722002903686399,Low,Low,False,,"Synthetic scenario, not measured"
Transit shift 20%,2029,C-2_Pres.Quirino,Circumferential,177965.75186799196,190810.7,0.9326822440669834,Medium,Medium,False,2030,"Synthetic scenario, not measured"
Transit shift 20%,2029,C-3_Araneta_Ave,Circumferential,121118.30073730319,152771.7,0.7928058713577395,Medium,Medium,False,2034,"Synthetic scenario, not measured"
Transit shift 20%,2029,C-4_EDSA,Circumferential,351013.6762788665,334486.5,1.0494105928904949,High,High,False,2025,"Synthetic scenario, not measured"
Transit shift 20%,2029,C-5_CP_Garcia,Circumferential,205295.3118042979,211917.7,0.9687501884188904,High,Medium,True,2029,"Synthetic scenario, not measured"
Transit shift 20%,2029,Marcos_Highway,Highway,240085.7749265191,238087.1,1.0083947216229654,High,Medium,True,2028,"Synthetic scenario, not measured"
Transit shift 20%,2029,McArthur_Highway,Highway,111130.46554314604,145655.7,0.7629668151891483,Medium,Low,True,2034,"Synthetic scenario, not measured"
Transit shift 20%,2029,R-10_Del_Pan,Radial,122695.58546441984,156661.3,0.783190139903217,Medium,Low,True,2034,"Synthetic scenario, not measured"
Transit shift 20%,2029,R-1_Roxas_Blvd,Radial,175570.5335391891,186643.9,0.9406711579601,Medium,Medium,False,2030,"Synthetic scenario, not measured"
Transit shift 20%,2029,R-2_Taft_Ave,Radial,150077.6907515658,165839.8,0.9049558112803188,Medium,High,True,2031,"Synthetic scenario, not measured"
Transit shift 20%,2029,R-3_SSH,Radial,261836.28565462606,257440.7,1.0170741675835486,High,Medium,True,2025,"Synthetic scenario, not measured"
Transit shift 20%,2029,R-4_Shaw_Blvd,Radial,120749.99136750012,155922.8,0.7744216456316851,Medium,Low,True,2034,"Synthetic scenario, not measured"
Transit shift 20%,2029,R-5_Ortigas_Ave,Radial,174276.621044546,190062.7,0.9169427828003389,Medium,Medium,False,2030,"Synthetic scenario, not measured"
Transit shift 20%,2029,R-6_Aurora_Blvd,Radial,126067.14858451935,156577.8,0.8051406303097844,Medium,Low,True,2033,"Synthetic scenario, not measured"
Transit shift 20%,2029,R-6_Magsaysay_Blvd,Radial,144852.77484830492,164113.1,0.8826399284901992,Medium,Low,True,2031,"Synthetic scenario, not measured"
Transit shift 20%,2029,R-7_Commonwealth,Radial,355876.9758229703,337508.5,1.0544237428774987,High,High,False,2025,"Synthetic scenario, not measured"
Transit shift 20%,2029,R-7_Quezon_Ave,Radial,218284.3138412004,221415.9,0.9858565434605212,High,High,False,2029,"Synthetic scenario, not measured"
Transit shift 20%,2029,R-8_A.Bonifacio,Radial,133812.46745668372,157271.7,0.8508362754181694,Medium,Low,True,2032,"Synthetic scenario, not measured"
Transit shift 20%,2029,R-9_Rizal_Ave,Radial,101560.1012981027,137715.9,0.7374609707238068,Medium,Low,True,2035,"Synthetic scenario, not measured"
Transit shift 20%,2030,C-1_Recto,Circumferential,104207.05769486303,138632.8,0.751676787130196,Medium,Low,True,,"Synthetic scenario, not measured"
Transit shift 20%,2030,C-2_A.Mendoza,Circumferential,88175.72150794085,125526.1,0.7024493034352286,Medium,Low,True,,"Synthetic scenario, not measured"
Transit shift 20%,2030,C-2_Pres.Quirino,Circumferential,185974.2107020516,190810.7,0.9746529450499978,High,Medium,True,2030,"Synthetic scenario, not measured"
Transit shift 20%,2030,C-3_Araneta_Ave,Circumferential,126568.6242704818,152771.7,0.8284821355688377,Medium,Medium,False,2034,"Synthetic scenario, not measured"
Transit shift 20%,2030,C-4_EDSA,Circumferential,366809.2917114155,334486.5,1.0966340695705672,High,High,False,2025,"Synthetic scenario, not measured"
Transit shift 20%,2030,C-5_CP_Garcia,Circumferential,214533.60083549135,211917.7,1.0123439468977407,High,Medium,True,2029,"Synthetic scenario, not measured"
Transit shift 20%,2030,Marcos_Highway,Highway,250889.63479821244,238087.1,1.0537724840959986,High,Medium,True,2028,"Synthetic scenario, not measured"
Transit shift 20%,2030,McArthur_Highway,Highway,116131.33649258761,145655.7,0.79730032187266,Medium,Low,True,2034,"Synthetic scenario, not measured"
Transit shift 20%,2030,R-10_Del_Pan,Radial,128216.88681031871,156661.3,0.8184336961988616,Medium,Low,True,2034,"Synthetic scenario, not measured"
Transit shift 20%,2030,R-1_Roxas_Blvd,Radial,183471.2075484526,186643.9,0.9830013600683044,High,Medium,True,2030,"Synthetic scenario, not measured"
Transit shift 20%,2030,R-2_Taft_Ave,Radial,156831.18683538627,165839.8,0.9456788227879331,Medium,High,True,2031,"Synthetic scenario, not measured"
Transit shift 20%,2030,R-3_SSH,Radial,273618.91850908415,257440.7,1.0628425051248078,High,Medium,True,2025,"Synthetic scenario, not measured"
Transit shift 20%,2030,R-4_Shaw_Blvd,Radial,126183.74097903766,155922.8,0.8092706196851113,Medium,Low,True,2034,"Synthetic scenario, not measured"
Transit shift 20%,2030,R-5_Ortigas_Ave,Radial,182119.06899155056,190062.7,0.9582052080263542,High,Medium,True,2030,"Synthetic scenario, not measured"
Transit shift 20%,2030,R-6_Aurora_Blvd,Radial,131740.17027082274,156577.8,0.8413719586737248,Medium,Low,True,2033,"Synthetic scenario, not measured"
Transit shift 20%,2030,R-6_Magsaysay_Blvd,Radial,151371.14971647863,164113.1,0.9223587252722582,Medium,Low,True,2031,"Synthetic scenario, not measured"
Transit shift 20%,2030,R-7_Commonwealth,Radial,371891.439735004,337508.5,1.1018728113069862,High,High,False,2025,"Synthetic scenario, not measured"
Transit shift 20%,2030,R-7_Quezon_Ave,Radial,228107.10796405445,221415.9,1.0302200879162446,High,High,False,2029,"Synthetic scenario, not measured"
Transit shift 20%,2030,R-8_A.Bonifacio,Radial,139834.02849223444,157271.7,0.8891239078119867,Medium,Low,True,2032,"Synthetic scenario, not measured"
Transit shift 20%,2030,R-9_Rizal_Ave,Radial,106130.30585651733,137715.9,0.7706467144063781,Medium,Low,True,2035,"Synthetic scenario, not measured"
Transit shift 20%,2031,C-1_Recto,Circumferential,108896.37529113187,138632.8,0.7855022425510549,Medium,Low,True,,"Synthetic scenario, not measured"
Transit shift 20%,2031,C-2_A.Mendoza,Circumferential,92143.62897579817,125526.1,0.7340595220898137,Medium,Low,True,,"Synthetic scenario, not measured"
Transit shift 20%,2031,C-2_Pres.Quirino,Circumferential,194343.0501836439,190810.7,1.0185123275772474,High,Medium,True,2030,"Synthetic scenario, not measured"
Transit shift 20%,2031,C-3_Araneta_Ave,Circumferential,132264.2123626535,152771.7,0.8657638316694354,Medium,Medium,False,2034,"Synthetic scenario, not measured"
Transit shift 20%,2031,C-4_EDSA,Circumferential,383315.7098384292,334486.5,1.1459826027012425,High,High,False,2025,"Synthetic scenario, not measured"
Transit shift 20%,2031,C-5_CP_Garcia,Circumferential,224187.61287308842,211917.7,1.0578994245081388,High,Medium,True,2029,"Synthetic scenario, not measured"
Transit shift 20%,2031,Marcos_Highway,Highway,262179.66836413194,238087.1,1.1011922458803183,High,Medium,True,2028,"Synthetic scenario, not measured"
Transit shift 20%,2031,McArthur_Highway,Highway,121357.24663475405,145655.7,0.8331788363569297,Medium,Low,True,2034,"Synthetic scenario, not measured"
Transit shift 20%,2031,R-10_Del_Pan,Radial,133986.64671678306,156661.3,0.8552632125278105,Medium,Low,True,2034,"Synthetic scenario, not measured"
Transit shift 20%,2031,R-1_Roxas_Blvd,Radial,191727.41188813298,186643.9,1.0272364212713783,High,Medium,True,2030,"Synthetic scenario, not measured"
Transit shift 20%,2031,R-2_Taft_Ave,Radial,163888.59024297862,165839.8,0.98823436981339,High,High,False,2031,"Synthetic scenario, not measured"
Transit shift 20%,2031,R-3_SSH,Radial,285931.769841993,257440.7,1.1106704178554245,High,Medium,True,2025,"Synthetic scenario, not measured"
Transit shift 20%,2031,R-4_Shaw_Blvd,Radial,131862.00932309433,155922.8,0.8456877975709411,Medium,Low,True,2034,"Synthetic scenario, not measured"
Transit shift 20%,2031,R-5_Ortigas_Ave,Radial,190314.4270961703,190062.7,1.0013244423875398,High,Medium,True,2030,"Synthetic scenario, not measured"
Transit shift 20%,2031,R-6_Aurora_Blvd,Radial,137668.4779330098,156577.8,0.8792336968140426,Medium,Low,True,2033,"Synthetic scenario, not measured"
Transit shift 20%,2031,R-6_Magsaysay_Blvd,Radial,158182.85145372016,164113.1,0.9638648679095096,High,Low,True,2031,"Synthetic scenario, not measured"
Transit shift 20%,2031,R-7_Commonwealth,Radial,388626.55452307913,337508.5,1.1514570878158006,High,High,False,2025,"Synthetic scenario, not measured"
Transit shift 20%,2031,R-7_Quezon_Ave,Radial,238371.92782243693,221415.9,1.0765799918724759,High,High,False,2029,"Synthetic scenario, not measured"
Transit shift 20%,2031,R-8_A.Bonifacio,Radial,146126.559774385,157271.7,0.9291344836635262,Medium,Low,True,2032,"Synthetic scenario, not measured"
Transit shift 20%,2031,R-9_Rizal_Ave,Radial,110906.16962006061,137715.9,0.8053258165546652,Medium,Low,True,2035,"Synthetic scenario, not measured"
Transit shift 20%,2032,C-1_Recto,Circumferential,113796.7121792328,138632.8,0.8208498434658523,Medium,Low,True,,"Synthetic scenario, not measured"
Transit shift 20%,2032,C-2_A.Mendoza,Circumferential,96290.09227970908,125526.1,0.7670922005838552,Medium,Low,True,,"Synthetic scenario, not measured"
Transit shift 20%,2032,C-2_Pres.Quirino,Circumferential,203088.48744190784,190810.7,1.0643453823182234,High,Medium,True,2030,"Synthetic scenario, not measured"
Transit shift 20%,2032,C-3_Araneta_Ave,Circumferential,138216.10191897288,152771.7,0.9047232040945599,Medium,Medium,False,2034,"Synthetic scenario, not measured"
Transit shift 20%,2032,C-4_EDSA,Circumferential,400564.91678115836,334486.5,1.1975518198227981,High,High,False,2025,"Synthetic scenario, not measured"
Transit shift 20%,2032,C-5_CP_Garcia,Circumferential,234276.05545237736,211917.7,1.105504898611005,High,Medium,True,2029,"Synthetic scenario, not measured"
Transit shift 20%,2032,Marcos_Highway,Highway,273977.7534405178,238087.1,1.1507458969449325,High,Medium,True,2028,"Synthetic scenario, not measured"
Transit shift 20%,2032,McArthur_Highway,Highway,126818.32273331797,145655.7,0.8706718839929914,Medium,Low,True,2034,"Synthetic scenario, not measured"
Transit shift 20%,2032,R-10_Del_Pan,Radial,140016.04581903823,156661.3,0.8937500570915615,Medium,Low,True,2034,"Synthetic scenario, not measured"
Transit shift 20%,2032,R-1_Roxas_Blvd,Radial,200355.14542309893,186643.9,1.07346206022859,High,Medium,True,2030,"Synthetic scenario, not measured"
Transit shift 20%,2032,R-2_Taft_Ave,Radial,171263.57680391264,165839.8,1.0327049164549924,High,High,False,2031,"Synthetic scenario, not measured"
Transit shift 20%,2032,R-3_SSH,Radial,298798.6994848826,257440.7,1.1606505866589183,High,Medium,True,2025,"Synthetic scenario, not measured"
Transit shift 20%,2032,R-4_Shaw_Blvd,Radial,137795.7997426336,155922.8,0.8837437484616336,Medium,Low,True,2034,"Synthetic scenario, not measured"
Transit shift 20%,2032,R-5_Ortigas_Ave,Radial,198878.57631549792,190062.7,1.046384042294979,High,Medium,True,2030,"Synthetic scenario, not measured"
Transit shift 20%,2032,R-6_Aurora_Blvd,Radial,143863.55943999515,156577.8,0.918799213170674,Medium,Low,True,2033,"Synthetic scenario, not measured"
Transit shift 20%,2032,R-6_Magsaysay_Blvd,Radial,165301.07976913758,164113.1,1.0072387869654378,High,Low,True,2031,"Synthetic scenario, not measured"
Transit shift 20%,2032,R-7_Commonwealth,Radial,406114.74947661767,337508.5,1.2032726567675116,High,High,False,2025,"Synthetic scenario, not measured"
Transit shift 20%,2032,R-7_Quezon_Ave,Radial,249098.6645744465,221415.9,1.125026091506737,High,High,False,2029,"Synthetic scenario, not measured"
Transit shift 20%,2032,R-8_A.Bonifacio,Radial,152702.2549642323,157271.7,0.9709455354283847,High,Low,True,2032,"Synthetic scenario, not measured"
Transit shift 20%,2032,R-9_Rizal_Ave,Radial,115896.9472529633,137715.9,0.8415654782996249,Medium,Low,True,2035,"Synthetic scenario, not measured"
Transit shift 20%,2033,C-1_Recto,Circumferential,118917.56422729825,138632.8,0.8577880864218155,Medium,Low,True,,"Synthetic scenario, not measured"
Transit shift 20%,2033,C-2_A.Mendoza,Circumferential,100623.14643229598,125526.1,0.8016113496101287,Medium,Low,True,,"Synthetic scenario, not measured"
Transit shift 20%,2033,C-2_Pres.Quirino,Circumferential,212227.46937679366,190810.7,1.1122409245225433,High,Medium,True,2030,"Synthetic scenario, not measured"
Transit shift 20%,2033,C-3_Araneta_Ave,Circumferential,144435.8265053266,152771.7,0.9454357482788147,Medium,Medium,False,2034,"Synthetic scenario, not measured"
Transit shift 20%,2033,C-4_EDSA,Circumferential,418590.3380363104,334486.5,1.2514416517148237,High,High,False,2025,"Synthetic scenario, not measured"
Transit shift 20%,2033,C-5_CP_Garcia,Circumferential,244818.47794773433,211917.7,1.1552526190485,High,Medium,True,2029,"Synthetic scenario, not measured"
Transit shift 20%,2033,Marcos_Highway,Highway,286306.7523453411,238087.1,1.2025294623074543,High,Medium,True,2028,"Synthetic scenario, not measured"
Transit shift 20%,2033,McArthur_Highway,Highway,132525.14725631726,145655.7,0.9098521187726759,Medium,Low,True,2034,"Synthetic scenario, not measured"
Transit shift 20%,2033,R-10_Del_Pan,Radial,146316.767880895,156661.3,0.9339688096606821,Medium,Low,True,2034,"Synthetic scenario, not measured"
Transit shift 20%,2033,R-1_Roxas_Blvd,Radial,209371.12696713835,186643.9,1.1217678529388764,High,Medium,True,2030,"Synthetic scenario, not measured"
Transit shift 20%,2033,R-2_Taft_Ave,Radial,178970.43776008868,165839.8,1.079176637695467,High,High,False,2031,"Synthetic scenario, not measured"
Transit shift 20%,2033,R-3_SSH,Radial,312244.64096170233,257440.7,1.2128798630585698,High,Medium,True,2025,"Synthetic scenario, not measured"
Transit shift 20%,2033,R-4_Shaw_Blvd,Radial,143996.61073105203,155922.8,0.9235122171424066,Medium,Low,True,2034,"Synthetic scenario, not measured"
Transit shift 20%,2033,R-5_Ortigas_Ave,Radial,207828.11224969532,190062.7,1.093471324198253,High,Medium,True,2030,"Synthetic scenario, not measured"
Transit shift 20%,2033,R-6_Aurora_Blvd,Radial,150337.41961479493,156577.8,0.9601451777633543,High,Low,True,2033,"Synthetic scenario, not measured"
Transit shift 20%,2033,R-6_Magsaysay_Blvd,Radial,172739.6283587487,164113.1,1.0525645323788821,High,Low,True,2031,"Synthetic scenario, not measured"
Transit shift 20%,2033,R-7_Commonwealth,Radial,424389.9132030654,337508.5,1.2574199263220494,High,High,False,2025,"Synthetic scenario, not measured"
Transit shift 20%,2033,R-7_Quezon_Ave,Radial,260308.10448029658,221415.9,1.17565226562454,High,High,False,2029,"Synthetic scenario, not measured"
Transit shift 20%,2033,R-8_A.Bonifacio,Radial,159573.85643762274,157271.7,1.014638084522662,High,Medium,True,2032,"Synthetic scenario, not measured"
Transit shift 20%,2033,R-9_Rizal_Ave,Radial,121112.30987934665,137715.9,0.879435924823108,Medium,Low,True,2035,"Synthetic scenario, not measured"
Transit shift 20%,2034,C-1_Recto,Circumferential,124268.85461752665,138632.8,0.896388550310797,Medium,Low,True,,"Synthetic scenario, not measured"
Transit shift 20%,2034,C-2_A.Mendoza,Circumferential,105151.18802174929,125526.1,0.8376838603425844,Medium,Low,True,,"Synthetic scenario, not measured"
Transit shift 20%,2034,C-2_Pres.Quirino,Circumferential,221777.70549874942,190810.7,1.162291766126058,High,Medium,True,2030,"Synthetic scenario, not measured"
Transit shift 20%,2034,C-3_Araneta_Ave,Circumferential,150935.4386980663,152771.7,0.9879803569513614,High,Medium,True,2034,"Synthetic scenario, not measured"
Transit shift 20%,2034,C-4_EDSA,Circumferential,437426.9032479445,334486.5,1.3077565260419912,High,High,False,2025,"Synthetic scenario, not measured"
Transit shift 20%,2034,C-5_CP_Garcia,Circumferential,255835.3094553823,211917.7,1.207238986905682,High,Medium,True,2029,"Synthetic scenario, not measured"
Transit shift 20%,2034,Marcos_Highway,Highway,299190.55620088155,238087.1,1.2566432881112901,High,Medium,True,2028,"Synthetic scenario, not measured"
Transit shift 20%,2034,McArthur_Highway,Highway,138488.77888285153,145655.7,0.9507954641174463,High,Low,True,2034,"Synthetic scenario, not measured"
Transit shift 20%,2034,R-10_Del_Pan,Radial,152901.0224355352,156661.3,0.9759974060954123,High,Low,True,2034,"Synthetic scenario, not measured"
Transit shift 20%,2034,R-1_Roxas_Blvd,Radial,218792.82768065957,186643.9,1.172247406321126,High,Medium,True,2030,"Synthetic scenario, not measured"
Transit shift 20%,2034,R-2_Taft_Ave,Radial,187024.10745929266,165839.8,1.1277395863917627,High,High,False,2031,"Synthetic scenario, not measured"
Transit shift 20%,2034,R-3_SSH,Radial,326295.64980497886,257440.7,1.267459456896205,High,Medium,True,2025,"Synthetic scenario, not measured"
Transit shift 20%,2034,R-4_Shaw_Blvd,Radial,150476.45821394937,155922.8,0.9650702669138149,High,Low,True,2034,"Synthetic scenario, not measured"
Transit shift 20%,2034,R-5_Ortigas_Ave,Radial,217180.3773009316,190062.7,1.1426775337871744,High,High,False,2030,"Synthetic scenario, not measured"
Transit shift 20%,2034,R-6_Aurora_Blvd,Radial,157102.6034974607,156577.8,1.0033517107627052,High,Low,True,2033,"Synthetic scenario, not measured"
Transit shift 20%,2034,R-6_Magsaysay_Blvd,Radial,180512.9116348924,164113.1,1.0999299363359316,High,Low,True,2031,"Synthetic scenario, not measured"
Transit shift 20%,2034,R-7_Commonwealth,Radial,443487.4592972033,337508.5,1.3140038230065414,High,High,False,2025,"Synthetic scenario, not measured"
Transit shift 20%,2034,R-7_Quezon_Ave,Radial,272021.9691819099,221415.9,1.2285566175776443,High,High,False,2029,"Synthetic scenario, not measured"
Transit shift 20%,2034,R-8_A.Bonifacio,Radial,166754.6799773157,157271.7,1.0602967983261813,High,Medium,True,2032,"Synthetic scenario, not measured"
Transit shift 20%,2034,R-9_Rizal_Ave,Radial,126562.36382391723,137715.9,0.9190105414401477,Medium,Low,True,2035,"Synthetic scenario, not measured"
Transit shift 20%,2035,C-1_Recto,Circumferential,129860.95307531535,138632.8,0.9367260350747829,Medium,Low,True,,"Synthetic scenario, not measured"
Transit shift 20%,2035,C-2_A.Mendoza,Circumferential,109882.991482728,125526.1,0.8753796340580007,Medium,Low,True,,"Synthetic scenario, not measured"
Transit shift 20%,2035,C-2_Pres.Quirino,Circumferential,231757.70224619308,190810.7,1.2145948956017303,High,Medium,True,2030,"Synthetic scenario, not measured"
Transit shift 20%,2035,C-3_Araneta_Ave,Circumferential,157727.53343947927,152771.7,1.0324394730141726,High,Medium,True,2034,"Synthetic scenario, not measured"
Transit shift 20%,2035,C-4_EDSA,Circumferential,457111.1138941019,334486.5,1.3666055697138804,High,High,False,2025,"Synthetic scenario, not measured"
Transit shift 20%,2035,C-5_CP_Garcia,Circumferential,267347.8983808745,211917.7,1.2615647413164377,High,Medium,True,2029,"Synthetic scenario, not measured"
Transit shift 20%,2035,Marcos_Highway,Highway,312654.1312299212,238087.1,1.313192236076298,High,Medium,True,2028,"Synthetic scenario, not measured"
Transit shift 20%,2035,McArthur_Highway,Highway,144720.77393257982,145655.7,0.9935812600027312,High,Low,True,2034,"Synthetic scenario, not measured"
Transit shift 20%,2035,R-10_Del_Pan,Radial,159781.56844513433,156661.3,1.0199172893697062,High,Low,True,2034,"Synthetic scenario, not measured"
Transit shift 20%,2035,R-1_Roxas_Blvd,Radial,228638.50492628923,186643.9,1.2249985396055765,High,Medium,True,2030,"Synthetic scenario, not measured"
Transit shift 20%,2035,R-2_Taft_Ave,Radial,195440.19229496084,165839.8,1.1784878677793922,High,High,False,2031,"Synthetic scenario, not measured"
Transit shift 20%,2035,R-3_SSH,Radial,340978.9540462029,257440.7,1.3244951324565342,High,Medium,True,2025,"Synthetic scenario, not measured"
Transit shift 20%,2035,R-4_Shaw_Blvd,Radial,157247.89883357708,155922.8,1.0084984289249366,High,Low,True,2034,"Synthetic scenario, not measured"
Transit shift 20%,2035,R-5_Ortigas_Ave,Radial,226953.4942794735,190062.7,1.194098022807597,High,High,False,2030,"Synthetic scenario, not measured"
Transit shift 20%,2035,R-6_Aurora_Blvd,Radial,164172.22065484643,156577.8,1.048502537747027,High,Low,True,2033,"Synthetic scenario, not measured"
Transit shift 20%,2035,R-6_Magsaysay_Blvd,Radial,188635.99265846258,164113.1,1.1494267834710488,High,Low,True,2031,"Synthetic scenario, not measured"
Transit shift 20%,2035,R-7_Commonwealth,Radial,463444.3949655774,337508.5,1.3731339950418358,High,High,False,2025,"Synthetic scenario, not measured"
Transit shift 20%,2035,R-7_Quezon_Ave,Radial,284262.9577950958,221415.9,1.283841665368638,High,High,False,2029,"Synthetic scenario, not measured"
Transit shift 20%,2035,R-8_A.Bonifacio,Radial,174258.64057629494,157271.7,1.1080101542508598,High,Medium,True,2032,"Synthetic scenario, not measured"
Transit shift 20%,2035,R-9_Rizal_Ave,Radial,132257.6701959935,137715.9,0.9603660158049543,High,Low,True,2035,"Synthetic scenario, not measured"
EDSA/C-5 expansion 20%,2025,C-1_Recto,Circumferential,88725.0,138632.8,0.6400000577064014,Low,Low,False,2034,"Synthetic scenario, not measured"
EDSA/C-5 expansion 20%,2025,C-2_A.Mendoza,Circumferential,77826.2,125526.1,0.6200001433964729,Low,Low,False,2035,"Synthetic scenario, not measured"
EDSA/C-5 expansion 20%,2025,C-2_Pres.Quirino,Circumferential,164097.2,190810.7,0.8599999895184075,Medium,High,True,2028,"Synthetic scenario, not measured"
EDSA/C-5 expansion 20%,2025,C-3_Araneta_Ave,Circumferential,116106.5,152771.7,0.7600000523657195,Medium,Medium,False,2031,"Synthetic scenario, not measured"
EDSA/C-5 expansion 20%,2025,C-4_EDSA,Circumferential,334486.50000000006,334486.5,1.0000000000000002,High,High,False,2025,"Synthetic scenario, not measured"
EDSA/C-5 expansion 20%,2025,C-5_CP_Garcia,Circumferential,190725.9,211917.7,0.8999998584356096,Medium,Medium,False,2027,"Synthetic scenario, not measured"
EDSA/C-5 expansion 20%,2025,Marcos_Highway,Highway,223801.9,238087.1,0.9400001092037326,Medium,Medium,False,2026,"Synthetic scenario, not measured"
EDSA/C-5 expansion 20%,2025,McArthur_Highway,Highway,99045.90000000001,145655.7,0.6800001647721304,Low,Low,False,2033,"Synthetic scenario, not measured"
EDSA/C-5 expansion 20%,2025,R-10_Del_Pan,Radial,109662.90000000001,156661.3,0.6999999361680262,Low,Low,False,2032,"Synthetic scenario, not measured"
EDSA/C-5 expansion 20%,2025,R-1_Roxas_Blvd,Radial,164246.6,186643.9,0.879999828550518,Medium,Medium,False,2027,"Synthetic scenario, not measured"
EDSA/C-5 expansion 20%,2025,R-2_Taft_Ave,Radial,135988.6,165839.8,0.8199997829230379,Medium,High,True,2029,"Synthetic scenario, not measured"
EDSA/C-5 expansion 20%,2025,R-3_SSH,Radial,247143.1,257440.7,0.9600001087629112,High,Medium,True,2025,"Synthetic scenario, not measured"
EDSA/C-5 expansion 20%,2025,R-4_Shaw_Blvd,Radial,112264.40000000001,155922.8,0.7199998973851164,Medium,Low,True,2032,"Synthetic scenario, not measured"
EDSA/C-5 expansion 20%,2025,R-5_Ortigas_Ave,Radial,159652.69999999998,190062.7,0.8400001683654919,Medium,Medium,False,2028,"Synthetic scenario, not measured"
EDSA/C-5 expansion 20%,2025,R-6_Aurora_Blvd,Radial,115867.59999999999,156577.8,0.7400001788248398,Medium,Low,True,2031,"Synthetic scenario, not measured"
EDSA/C-5 expansion 20%,2025,R-6_Magsaysay_Blvd,Radial,131290.5,164113.1,0.8000001218671757,Medium,Low,True,2029,"Synthetic scenario, not measured"
EDSA/C-5 expansion 20%,2025,R-7_Commonwealth,Radial,330758.30000000005,337508.5,0.9799999111133498,High,High,False,2025,"Synthetic scenario, not measured"
EDSA/C-5 expansion 20%,2025,R-7_Quezon_Ave,Radial,203702.6,221415.9,0.9199998735411504,Medium,High,True,2026,"Synthetic scenario, not measured"
EDSA/C-5 expansion 20%,2025,R-8_A.Bonifacio,Radial,122671.9,157271.7,0.779999834681001,Medium,Low,True,2030,"Synthetic scenario, not measured"
EDSA/C-5 expansion 20%,2025,R-9_Rizal_Ave,Radial,90892.5,137715.9,0.660000043567954,Low,Low,False,2034,"Synthetic scenario, not measured"
EDSA/C-5 expansion 20%,2026,C-1_Recto,Circumferential,92717.625,138632.8,0.6688000603031895,Low,Low,False,2034,"Synthetic scenario, not measured"
EDSA/C-5 expansion 20%,2026,C-2_A.Mendoza,Circumferential,81328.379,125526.1,0.6479001498493142,Low,Low,False,2035,"Synthetic scenario, not measured"
EDSA/C-5 expansion 20%,2026,C-2_Pres.Quirino,Circumferential,171481.574,190810.7,0.8986999890467358,Medium,High,True,2028,"Synthetic scenario, not measured"
EDSA/C-5 expansion 20%,2026,C-3_Araneta_Ave,Circumferential,121331.2925,152771.7,0.7942000547221768,Medium,Medium,False,2031,"Synthetic scenario, not measured"
EDSA/C-5 expansion 20%,2026,C-4_EDSA,Circumferential,349538.39249999996,334486.5,1.045,High,High,False,2025,"Synthetic scenario, not measured"
EDSA/C-5 expansion 20%,2026,C-5_CP_Garcia,Circumferential,199308.56550000003,211917.7,0.9404998520652121,Medium,Medium,False,2027,"Synthetic scenario, not measured"
EDSA/C-5 expansion 20%,2026,Marcos_Highway,Highway,233872.98549999995,238087.1,0.9823001141179003,High,Medium,True,2026,"Synthetic scenario, not measured"
EDSA/C-5 expansion 20%,2026,McArthur_Highway,Highway,103502.96549999999,145655.7,0.7106001721868762,Medium,Low,True,2033,"Synthetic scenario, not measured"
EDSA/C-5 expansion 20%,2026,R-10_Del_Pan,Radial,114597.73049999998,156661.3,0.7314999332955873,Medium,Low,True,2032,"Synthetic scenario, not measured"
EDSA/C-5 expansion 20%,2026,R-1_Roxas_Blvd,Radial,171637.69700000001,186643.9,0.9195998208352912,Medium,Medium,False,2027,"Synthetic scenario, not measured"
EDSA/C-5 expansion 20%,2026,R-2_Taft_Ave,Radial,142108.087,165839.8,0.8568997731545746,Medium,High,True,2029,"Synthetic scenario, not measured"
EDSA/C-5 expansion 20%,2026,R-3_SSH,Radial,258264.53949999998,257440.7,1.0032001136572422,High,Medium,True,2025,"Synthetic scenario, not measured"
EDSA/C-5 expansion 20%,2026,R-4_Shaw_Blvd,Radial,117316.298,155922.8,0.7523998927674465,Medium,Low,True,2032,"Synthetic scenario, not measured"
EDSA/C-5 expansion 20%,2026,R-5_Ortigas_Ave,Radial,166837.07149999996,190062.7,0.8778001759419389,Medium,Medium,False,2028,"Synthetic scenario, not measured"
EDSA/C-5 expansion 20%,2026,R-6_Aurora_Blvd,Radial,121081.64199999998,156577.8,0.7733001868719575,Medium,Low,True,2031,"Synthetic scenario, not measured"
EDSA/C-5 expansion 20%,2026,R-6_Magsaysay_Blvd,Radial,137198.5725,164113.1,0.8360001273511987,Medium,Low,True,2029,"Synthetic scenario, not measured"
EDSA/C-5 expansion 20%,2026,R-7_Commonwealth,Radial,345642.4234999999,337508.5,1.0240999071134502,High,High,False,2025,"Synthetic scenario, not measured"
EDSA/C-5 expansion 20%,2026,R-7_Quezon_Ave,Radial,212869.217,221415.9,0.9613998678505022,High,High,False,2026,"Synthetic scenario, not measured"
EDSA/C-5 expansion 20%,2026,R-8_A.Bonifacio,Radial,128192.13549999999,157271.7,0.815099827241646,Medium,Medium,False,2030,"Synthetic scenario, not measured"
EDSA/C-5 expansion 20%,2026,R-9_Rizal_Ave,Radial,94982.66249999998,137715.9,0.6897000455285118,Low,Low,False,2034,"Synthetic scenario, not measured"
EDSA/C-5 expansion 20%,2027,C-1_Recto,Circumferential,96889.918125,138632.8,0.6988960630168329,Low,Low,False,2034,"Synthetic scenario, not measured"
EDSA/C-5 expansion 20%,2027,C-2_A.Mendoza,Circumferential,84988.15605499998,125526.1,0.6770556565925332,Low,Low,False,2035,"Synthetic scenario, not measured"
EDSA/C-5 expansion 20%,2027,C-2_Pres.Quirino,Circumferential,179198.24482999998,190810.7,0.9391414885538388,Medium,High,True,2028,"Synthetic scenario, not measured"
EDSA/C-5 expansion 20%,2027,C-3_Araneta_Ave,Circumferential,126791.20066249998,152771.7,0.8299390571846748,Medium,Medium,False,2031,"Synthetic scenario, not measured"
EDSA/C-5 expansion 20%,2027,C-4_EDSA,Circumferential,365267.62016249995,334486.5,1.0920249999999998,High,High,False,2025,"Synthetic scenario, not measured"
EDSA/C-5 expansion 20%,2027,C-5_CP_Garcia,Circumferential,208277.45094749995,211917.7,0.9828223454081464,High,Medium,True,2027,"Synthetic scenario, not measured"
EDSA/C-5 expansion 20%,2027,Marcos_Highway,Highway,244397.26984749996,238087.1,1.026503619253206,High,Medium,True,2026,"Synthetic scenario, not measured"
EDSA/C-5 expansion 20%,2027,McArthur_Highway,Highway,108160.59894749998,145655.7,0.7425771799352856,Medium,Low,True,2033,"Synthetic scenario, not measured"
EDSA/C-5 expansion 20%,2027,R-10_Del_Pan,Radial,119754.62837249998,156661.3,0.7644174302938888,Medium,Low,True,2032,"Synthetic scenario, not measured"
EDSA/C-5 expansion 20%,2027,R-1_Roxas_Blvd,Radial,179361.39336499997,186643.9,0.9609818127728791,High,Medium,True,2027,"Synthetic scenario, not measured"
EDSA/C-5 expansion 20%,2027,R-2_Taft_Ave,Radial,148502.95091499996,165839.8,0.8954602629465301,Medium,High,True,2029,"Synthetic scenario, not measured"
EDSA/C-5 expansion 20%,2027,R-3_SSH,Radial,269886.4437774999,257440.7,1.0483441187718177,High,Medium,True,2025,"Synthetic scenario, not measured"
EDSA/C-5 expansion 20%,2027,R-4_Shaw_Blvd,Radial,122595.53141,155922.8,0.7862578879419816,Medium,Low,True,2032,"Synthetic scenario, not measured"
EDSA/C-5 expansion 20%,2027,R-5_Ortigas_Ave,Radial,174344.73971749996,190062.7,0.9173011838593261,Medium,Medium,False,2028,"Synthetic scenario, not measured"
EDSA/C-5 expansion 20%,2027,R-6_Aurora_Blvd,Radial,126530.31589,156577.8,0.8080986952811957,Medium,Low,True,2031,"Synthetic scenario, not measured"
EDSA/C-5 expansion 20%,2027,R-6_Magsaysay_Blvd,Radial,143372.5082625,164113.1,0.8736201330820025,Medium,Low,True,2029,"Synthetic scenario, not measured"
EDSA/C-5 expansion 20%,2027,R-7_Commonwealth,Radial,361196.3325575,337508.5,1.0701844029335557,High,High,False,2025,"Synthetic scenario, not measured"
EDSA/C-5 expansion 20%,2027,R-7_Quezon_Ave,Radial,222448.33176499995,221415.9,1.0046628619037745,High,High,False,2026,"Synthetic scenario, not measured"
EDSA/C-5 expansion 20%,2027,R-8_A.Bonifacio,Radial,133960.78159749997,157271.7,0.85177931946752,Medium,Medium,False,2030,"Synthetic scenario, not measured"
EDSA/C-5 expansion 20%,2027,R-9_Rizal_Ave,Radial,99256.88231249998,137715.9,0.7207365475772949,Medium,Low,True,2034,"Synthetic scenario, not measured"
EDSA/C-5 expansion 20%,2028,C-1_Recto,Circumferential,101249.96444062497,138632.8,0.7303463858525903,Medium,Low,True,2034,"Synthetic scenario, not measured"
EDSA/C-5 expansion 20%,2028,C-2_A.Mendoza,Circumferential,88812.62307747499,125526.1,0.7075231611391972,Medium,Low,True,2035,"Synthetic scenario, not measured"
EDSA/C-5 expansion 20%,2028,C-2_Pres.Quirino,Circumferential,187262.16584734997,190810.7,0.9814028555387615,High,High,False,2028,"Synthetic scenario, not measured"
EDSA/C-5 expansion 20%,2028,C-3_Araneta_Ave,Circumferential,132496.80469231246,152771.7,0.867286314757985,Medium,Medium,False,2031,"Synthetic scenario, not measured"
EDSA/C-5 expansion 20%,2028,C-4_EDSA,Circumferential,381704.6630698124,401383.8,0.9509717708333332,High,High,False,2025,"Synthetic scenario, not measured"
EDSA/C-5 expansion 20%,2028,C-5_CP_Garcia,Circumferential,217649.9362401375,254301.24,0.855874459126261,Medium,Medium,False,2027,"Synthetic scenario, not measured"
EDSA/C-5 expansion 20%,2028,Marcos_Highway,Highway,255395.14699063744,238087.1,1.0726962821196,High,Medium,True,2026,"Synthetic scenario, not measured"
EDSA/C-5 expansion 20%,2028,McArthur_Highway,Highway,113027.82590013748,145655.7,0.7759931530323734,Medium,Low,True,2033,"Synthetic scenario, not measured"
EDSA/C-5 expansion 20%,2028,R-10_Del_Pan,Radial,125143.58664926248,156661.3,0.7988162146571137,Medium,Low,True,2032,"Synthetic scenario, not measured"
EDSA/C-5 expansion 20%,2028,R-1_Roxas_Blvd,Radial,187432.65606642497,186643.9,1.0042259943476588,High,Medium,True,2027,"Synthetic scenario, not measured"
EDSA/C-5 expansion 20%,2028,R-2_Taft_Ave,Radial,155185.583706175,165839.8,0.9357559747791243,Medium,High,True,2029,"Synthetic scenario, not measured"
EDSA/C-5 expansion 20%,2028,R-3_SSH,Radial,282031.33374748746,257440.7,1.0955196041165498,High,Medium,True,2025,"Synthetic scenario, not measured"
EDSA/C-5 expansion 20%,2028,R-4_Shaw_Blvd,Radial,128112.33032344998,155922.8,0.8216394928993707,Medium,Low,True,2032,"Synthetic scenario, not measured"
EDSA/C-5 expansion 20%,2028,R-5_Ortigas_Ave,Radial,182190.25300478743,190062.7,0.9585797371329957,High,Medium,True,2028,"Synthetic scenario, not measured"
EDSA/C-5 expansion 20%,2028,R-6_Aurora_Blvd,Radial,132224.18010504998,156577.8,0.8444631365688494,Medium,Low,True,2031,"Synthetic scenario, not measured"
EDSA/C-5 expansion 20%,2028,R-6_Magsaysay_Blvd,Radial,149824.27113431247,164113.1,0.9129330390706925,Medium,Low,True,2029,"Synthetic scenario, not measured"
EDSA/C-5 expansion 20%,2028,R-7_Commonwealth,Radial,377450.1675225874,337508.5,1.1183427010655655,High,High,False,2025,"Synthetic scenario, not measured"
EDSA/C-5 expansion 20%,2028,R-7_Quezon_Ave,Radial,232458.50669442498,221415.9,1.0498726906894447,High,High,False,2026,"Synthetic scenario, not measured"
EDSA/C-5 expansion 20%,2028,R-8_A.Bonifacio,Radial,139989.01676938747,157271.7,0.8901093888435584,Medium,Medium,False,2030,"Synthetic scenario, not measured"
EDSA/C-5 expansion 20%,2028,R-9_Rizal_Ave,Radial,103723.44201656248,137715.9,0.7531696922182731,Medium,Low,True,2034,"Synthetic scenario, not measured"
EDSA/C-5 expansion 20%,2029,C-1_Recto,Circumferential,105806.21284045311,138632.8,0.763211973215957,Medium,Low,True,2034,"Synthetic scenario, not measured"
EDSA/C-5 expansion 20%,2029,C-2_A.Mendoza,Circumferential,92809.19111596137,125526.1,0.7393617033904611,Medium,Low,True,2035,"Synthetic scenario, not measured"
EDSA/C-5 expansion 20%,2029,C-2_Pres.Quirino,Circumferential,195688.9633104807,190810.7,1.0255659840380056,High,High,False,2028,"Synthetic scenario, not measured"
EDSA/C-5 expansion 20%,2029,C-3_Araneta_Ave,Circumferential,138459.16090346655,152771.7,0.9063141989220944,Medium,Medium,False,2031,"Synthetic scenario, not measured"
EDSA/C-5 expansion 20%,2029,C-4_EDSA,Circumferential,398881.37290795404,401383.8,0.9937655005208333,High,High,False,2025,"Synthetic scenario, not measured"
EDSA/C-5 expansion 20%,2029,C-5_CP_Garcia,Circumferential,227444.18337094362,254301.24,0.8943888097869426,Medium,Medium,False,2027,"Synthetic scenario, not measured"
EDSA/C-5 expansion 20%,2029,Marcos_Highway,Highway,266887.9286052161,238087.1,1.1209676148149819,High,Medium,True,2026,"Synthetic scenario, not measured"
EDSA/C-5 expansion 20%,2029,McArthur_Highway,Highway,118114.07806564367,145655.7,0.8109128449188302,Medium,Low,True,2033,"Synthetic scenario, not measured"
EDSA/C-5 expansion 20%,2029,R-10_Del_Pan,Radial,130775.0480484793,156661.3,0.8347629443166839,Medium,Low,True,2032,"Synthetic scenario, not measured"
EDSA/C-5 expansion 20%,2029,R-1_Roxas_Blvd,Radial,195867.12558941406,186643.9,1.049416164093303,High,Medium,True,2027,"Synthetic scenario, not measured"
EDSA/C-5 expansion 20%,2029,R-2_Taft_Ave,Radial,162168.93497295282,165839.8,0.9778649936441846,High,High,False,2029,"Synthetic scenario, not measured"
EDSA/C-5 expansion 20%,2029,R-3_SSH,Radial,294722.74376612436,257440.7,1.1448179863017944,High,Medium,True,2025,"Synthetic scenario, not measured"
EDSA/C-5 expansion 20%,2029,R-4_Shaw_Blvd,Radial,133877.3851880052,155922.8,0.8586132700798421,Medium,Low,True,2032,"Synthetic scenario, not measured"
EDSA/C-5 expansion 20%,2029,R-5_Ortigas_Ave,Radial,190388.8143900029,190062.7,1.0017158253039806,High,Medium,True,2028,"Synthetic scenario, not measured"
EDSA/C-5 expansion 20%,2029,R-6_Aurora_Blvd,Radial,138174.2682097772,156577.8,0.8824639777144474,Medium,Low,True,2031,"Synthetic scenario, not measured"
EDSA/C-5 expansion 20%,2029,R-6_Magsaysay_Blvd,Radial,156566.36333535652,164113.1,0.9540150258288737,High,Low,True,2029,"Synthetic scenario, not measured"
EDSA/C-5 expansion 20%,2029,R-7_Commonwealth,Radial,394435.42506110383,337508.5,1.1686681226135158,High,High,False,2025,"Synthetic scenario, not measured"
EDSA/C-5 expansion 20%,2029,R-7_Quezon_Ave,Radial,242919.13949567408,221415.9,1.0971169617704695,High,High,False,2026,"Synthetic scenario, not measured"
EDSA/C-5 expansion 20%,2029,R-8_A.Bonifacio,Radial,146288.52252400992,157271.7,0.9301643113415187,Medium,Medium,False,2030,"Synthetic scenario, not measured"
EDSA/C-5 expansion 20%,2029,R-9_Rizal_Ave,Radial,108390.9969073078,137715.9,0.7870623283680955,Medium,Low,True,2034,"Synthetic scenario, not measured"
EDSA/C-5 expansion 20%,2030,C-1_Recto,Circumferential,110567.4924182735,138632.8,0.797556512010675,Medium,Low,True,2034,"Synthetic scenario, not measured"
EDSA/C-5 expansion 20%,2030,C-2_A.Mendoza,Circumferential,96985.60471617962,125526.1,0.7726329800430318,Medium,Low,True,2035,"Synthetic scenario, not measured"
EDSA/C-5 expansion 20%,2030,C-2_Pres.Quirino,Circumferential,204494.96665945233,190810.7,1.0717164533197159,High,High,False,2028,"Synthetic scenario, not measured"
EDSA/C-5 expansion 20%,2030,C-3_Araneta_Ave,Circumferential,144689.82314412252,152771.7,0.9470983378735885,Medium,Medium,False,2031,"Synthetic scenario, not measured"
EDSA/C-5 expansion 20%,2030,C-4_EDSA,Circumferential,416831.03468881187,401383.8,1.0384849480442706,High,High,False,2025,"Synthetic scenario, not measured"
EDSA/C-5 expansion 20%,2030,C-5_CP_Garcia,Circumferential,237679.17162263612,254301.24,0.934636306227355,Medium,Medium,False,2027,"Synthetic scenario, not measured"
EDSA/C-5 expansion 20%,2030,Marcos_Highway,Highway,278897.8853924508,238087.1,1.171411157481656,High,Medium,True,2026,"Synthetic scenario, not measured"
EDSA/C-5 expansion 20%,2030,McArthur_Highway,Highway,123429.21157859763,145655.7,0.8474039229401776,Medium,Low,True,2033,"Synthetic scenario, not measured"
EDSA/C-5 expansion 20%,2030,R-10_Del_Pan,Radial,136659.92521066085,156661.3,0.8723272768109346,Medium,Low,True,2032,"Synthetic scenario, not measured"
EDSA/C-5 expansion 20%,2030,R-1_Roxas_Blvd,Radial,204681.14624093767,186643.9,1.0966398914775017,High,Medium,True,2027,"Synthetic scenario, not measured"
EDSA/C-5 expansion 20%,2030,R-2_Taft_Ave,Radial,169466.53704673573,165839.8,1.021868918358173,High,High,False,2029,"Synthetic scenario, not measured"
EDSA/C-5 expansion 20%,2030,R-3_SSH,Radial,307985.2672355999,257440.7,1.196334795685375,High,Medium,True,2025,"Synthetic scenario, not measured"
EDSA/C-5 expansion 20%,2030,R-4_Shaw_Blvd,Radial,139901.86752146546,155922.8,0.8972508672334353,Medium,Low,True,2032,"Synthetic scenario, not measured"
EDSA/C-5 expansion 20%,2030,R-5_Ortigas_Ave,Radial,198956.31103755304,190062.7,1.04679303744266,High,Medium,True,2028,"Synthetic scenario, not measured"
EDSA/C-5 expansion 20%,2030,R-6_Aurora_Blvd,Radial,144392.1102792172,156577.8,0.9221748567115977,Medium,Low,True,2031,"Synthetic scenario, not measured"
EDSA/C-5 expansion 20%,2030,R-6_Magsaysay_Blvd,Radial,163611.84968544755,164113.1,0.9969457019911728,High,Low,True,2029,"Synthetic scenario, not measured"
EDSA/C-5 expansion 20%,2030,R-7_Commonwealth,Radial,412185.01918885356,337508.5,1.2212581881311242,High,High,False,2025,"Synthetic scenario, not measured"
EDSA/C-5 expansion 20%,2030,R-7_Quezon_Ave,Radial,253850.5007729794,221415.9,1.1464872250501406,High,High,False,2026,"Synthetic scenario, not measured"
EDSA/C-5 expansion 20%,2030,R-8_A.Bonifacio,Radial,152871.50603759036,157271.7,0.9720217053518868,High,Medium,True,2030,"Synthetic scenario, not measured"
EDSA/C-5 expansion 20%,2030,R-9_Rizal_Ave,Radial,113268.59176813664,137715.9,0.8224801331446597,Medium,Low,True,2034,"Synthetic scenario, not measured"
EDSA/C-5 expansion 20%,2031,C-1_Recto,Circumferential,115543.02957709577,138632.8,0.8334465550511552,Medium,Low,True,2034,"Synthetic scenario, not measured"
EDSA/C-5 expansion 20%,2031,C-2_A.Mendoza,Circumferential,101349.95692840769,125526.1,0.8074014641449682,Medium,Low,True,2035,"Synthetic scenario, not measured"
EDSA/C-5 expansion 20%,2031,C-2_Pres.Quirino,Circumferential,213697.24015912766,190810.7,1.119943693719103,High,High,False,2028,"Synthetic scenario, not measured"
EDSA/C-5 expansion 20%,2031,C-3_Araneta_Ave,Circumferential,151200.86518560804,152771.7,0.9897177630779,High,Medium,True,2031,"Synthetic scenario, not measured"
EDSA/C-5 expansion 20%,2031,C-4_EDSA,Circumferential,435588.43124980846,401383.8,1.0852167707062628,High,High,False,2025,"Synthetic scenario, not measured"
EDSA/C-5 expansion 20%,2031,C-5_CP_Garcia,Circumferential,248374.7343456547,254301.24,0.9766949400075859,High,Medium,True,2027,"Synthetic scenario, not measured"
EDSA/C-5 expansion 20%,2031,Marcos_Highway,Highway,291448.2902351111,238087.1,1.2241246595683306,High,Medium,True,2026,"Synthetic scenario, not measured"
EDSA/C-5 expansion 20%,2031,McArthur_Highway,Highway,128983.52609963452,145655.7,0.8855370994724855,Medium,Low,True,2033,"Synthetic scenario, not measured"
EDSA/C-5 expansion 20%,2031,R-10_Del_Pan,Radial,142809.62184514056,156661.3,0.9115820042674264,Medium,Low,True,2032,"Synthetic scenario, not measured"
EDSA/C-5 expansion 20%,2031,R-1_Roxas_Blvd,Radial,213891.79782177985,186643.9,1.1459886865939892,High,Medium,True,2027,"Synthetic scenario, not measured"
EDSA/C-5 expansion 20%,2031,R-2_Taft_Ave,Radial,177092.5312138388,165839.8,1.0678530196842906,High,High,False,2029,"Synthetic scenario, not measured"
EDSA/C-5 expansion 20%,2031,R-3_SSH,Radial,321844.6042612019,257440.7,1.250169861491217,High,Medium,True,2025,"Synthetic scenario, not measured"
EDSA/C-5 expansion 20%,2031,R-4_Shaw_Blvd,Radial,146197.45155993136,155922.8,0.9376271562589394,Medium,Low,True,2032,"Synthetic scenario, not measured"
EDSA/C-5 expansion 20%,2031,R-5_Ortigas_Ave,Radial,207909.34503424287,190062.7,1.0938987241275793,High,Medium,True,2028,"Synthetic scenario, not measured"
EDSA/C-5 expansion 20%,2031,R-6_Aurora_Blvd,Radial,150889.755241782,156577.8,0.9636727252636198,High,Low,True,2031,"Synthetic scenario, not measured"
EDSA/C-5 expansion 20%,2031,R-6_Magsaysay_Blvd,Radial,170974.38292129265,164113.1,1.0418082585807753,High,Low,True,2029,"Synthetic scenario, not measured"
EDSA/C-5 expansion 20%,2031,R-7_Commonwealth,Radial,430733.3450523519,337508.5,1.2762148065970247,High,High,False,2025,"Synthetic scenario, not measured"
EDSA/C-5 expansion 20%,2031,R-7_Quezon_Ave,Radial,265273.77330776345,221415.9,1.1980791501773966,High,High,False,2026,"Synthetic scenario, not measured"
EDSA/C-5 expansion 20%,2031,R-8_A.Bonifacio,Radial,159750.72380928192,157271.7,1.0157626820927217,High,Medium,True,2030,"Synthetic scenario, not measured"
EDSA/C-5 expansion 20%,2031,R-9_Rizal_Ave,Radial,118365.67839770277,137715.9,0.8594917391361693,Medium,Low,True,2034,"Synthetic scenario, not measured"
EDSA/C-5 expansion 20%,2032,C-1_Recto,Circumferential,120742.46590806509,138632.8,0.8709516500284572,Medium,Low,True,2034,"Synthetic scenario, not measured"
EDSA/C-5 expansion 20%,2032,C-2_A.Mendoza,Circumferential,105910.70499018602,125526.1,0.8437345300314916,Medium,Low,True,2035,"Synthetic scenario, not measured"
EDSA/C-5 expansion 20%,2032,C-2_Pres.Quirino,Circumferential,223313.6159662884,190810.7,1.1703411599364626,High,High,False,2028,"Synthetic scenario, not measured"
EDSA/C-5 expansion 20%,2032,C-3_Araneta_Ave,Circumferential,158004.90411896034,152771.7,1.0342550624164053,High,Medium,True,2031,"Synthetic scenario, not measured"
EDSA/C-5 expansion 20%,2032,C-4_EDSA,Circumferential,455189.9106560497,401383.8,1.1340515253880443,High,High,False,2025,"Synthetic scenario, not measured"
EDSA/C-5 expansion 20%,2032,C-5_CP_Garcia,Circumferential,259551.59739120913,254301.24,1.0206462123079272,High,Medium,True,2027,"Synthetic scenario, not measured"
EDSA/C-5 expansion 20%,2032,Marcos_Highway,Highway,304563.463295691,238087.1,1.2792102692489051,High,Medium,True,2026,"Synthetic scenario, not measured"
EDSA/C-5 expansion 20%,2032,McArthur_Highway,Highway,134787.78477411804,145655.7,0.9253862689487472,Medium,Low,True,2033,"Synthetic scenario, not measured"
EDSA/C-5 expansion 20%,2032,R-10_Del_Pan,Radial,149236.05482817185,156661.3,0.9526031944594604,High,Low,True,2032,"Synthetic scenario, not measured"
EDSA/C-5 expansion 20%,2032,R-1_Roxas_Blvd,Radial,223516.92872375995,186643.9,1.1975581774907187,High,Medium,True,2027,"Synthetic scenario, not measured"
EDSA/C-5 expansion 20%,2032,R-2_Taft_Ave,Radial,185061.69511846156,165839.8,1.1159064055700838,High,High,False,2029,"Synthetic scenario, not measured"
EDSA/C-5 expansion 20%,2032,R-3_SSH,Radial,336327.6114529559,257440.7,1.3064275052583212,High,Medium,True,2025,"Synthetic scenario, not measured"
EDSA/C-5 expansion 20%,2032,R-4_Shaw_Blvd,Radial,152776.3368801283,155922.8,0.979820378290592,High,Low,True,2032,"Synthetic scenario, not measured"
EDSA/C-5 expansion 20%,2032,R-5_Ortigas_Ave,Radial,217265.26556078382,190062.7,1.1431241667133205,High,High,False,2028,"Synthetic scenario, not measured"
EDSA/C-5 expansion 20%,2032,R-6_Aurora_Blvd,Radial,157679.79422766212,156577.8,1.0070379979004822,High,Low,True,2031,"Synthetic scenario, not measured"
EDSA/C-5 expansion 20%,2032,R-6_Magsaysay_Blvd,Radial,178668.23015275085,164113.1,1.0886896302169105,High,Low,True,2029,"Synthetic scenario, not measured"
EDSA/C-5 expansion 20%,2032,R-7_Commonwealth,Radial,450116.3455797077,337508.5,1.3336444728938908,High,High,False,2025,"Synthetic scenario, not measured"
EDSA/C-5 expansion 20%,2032,R-7_Quezon_Ave,Radial,277211.09310661274,221415.9,1.2519927119353793,High,High,False,2026,"Synthetic scenario, not measured"
EDSA/C-5 expansion 20%,2032,R-8_A.Bonifacio,Radial,166939.50638069957,157271.7,1.061472002786894,High,Medium,True,2030,"Synthetic scenario, not measured"
EDSA/C-5 expansion 20%,2032,R-9_Rizal_Ave,Radial,123692.13392559938,137715.9,0.8981688673972968,Medium,Low,True,2034,"Synthetic scenario, not measured"
EDSA/C-5 expansion 20%,2033,C-1_Recto,Circumferential,126175.87687392799,138632.8,0.9101444742797375,Medium,Low,True,2034,"Synthetic scenario, not measured"
EDSA/C-5 expansion 20%,2033,C-2_A.Mendoza,Circumferential,110676.68671474436,125526.1,0.8817025838829085,Medium,Low,True,2035,"Synthetic scenario, not measured"
EDSA/C-5 expansion 20%,2033,C-2_Pres.Quirino,Circumferential,233362.72868477134,190810.7,1.2230065121336033,High,High,False,2028,"Synthetic scenario, not measured"
EDSA/C-5 expansion 20%,2033,C-3_Araneta_Ave,Circumferential,165115.12480431353,152771.7,1.0807965402251432,High,Medium,True,2031,"Synthetic scenario, not measured"
EDSA/C-5 expansion 20%,2033,C-4_EDSA,Circumferential,475673.4566355718,401383.8,1.185083844030506,High,High,False,2025,"Synthetic scenario, not measured"
EDSA/C-5 expansion 20%,2033,C-5_CP_Garcia,Circumferential,271231.41927381355,254301.24,1.066575291861784,High,Medium,True,2027,"Synthetic scenario, not measured"
EDSA/C-5 expansion 20%,2033,Marcos_Highway,Highway,318268.81914399704,238087.1,1.3367747313651055,High,Medium,True,2026,"Synthetic scenario, not measured"
EDSA/C-5 expansion 20%,2033,McArthur_Highway,Highway,140853.23508895334,145655.7,0.9670286510514406,High,Low,True,2033,"Synthetic scenario, not measured"
EDSA/C-5 expansion 20%,2033,R-10_Del_Pan,Radial,155951.6772954396,156661.3,0.9954703382101361,High,Low,True,2032,"Synthetic scenario, not measured"
EDSA/C-5 expansion 20%,2033,R-1_Roxas_Blvd,Radial,233575.19051632908,186643.9,1.2514482954778008,High,Medium,True,2027,"Synthetic scenario, not measured"
EDSA/C-5 expansion 20%,2033,R-2_Taft_Ave,Radial,193389.47139879226,165839.8,1.1661221938207371,High,High,False,2029,"Synthetic scenario, not measured"
EDSA/C-5 expansion 20%,2033,R-3_SSH,Radial,351462.3539683389,257440.7,1.3652167429949458,High,Medium,True,2025,"Synthetic scenario, not measured"
EDSA/C-5 expansion 20%,2033,R-4_Shaw_Blvd,Radial,159651.272039734,155922.8,1.0239122953136681,High,Low,True,2032,"Synthetic scenario, not measured"
EDSA/C-5 expansion 20%,2033,R-5_Ortigas_Ave,Radial,227042.20251101904,190062.7,1.1945647542154196,High,High,False,2028,"Synthetic scenario, not measured"
EDSA/C-5 expansion 20%,2033,R-6_Aurora_Blvd,Radial,164775.3849679069,156577.8,1.0523547078060038,High,Low,True,2031,"Synthetic scenario, not measured"
EDSA/C-5 expansion 20%,2033,R-6_Magsaysay_Blvd,Radial,186708.3005096246,164113.1,1.1376806635766712,High,Low,True,2029,"Synthetic scenario, not measured"
EDSA/C-5 expansion 20%,2033,R-7_Commonwealth,Radial,470371.5811307944,337508.5,1.3936584741741154,High,High,False,2025,"Synthetic scenario, not measured"
EDSA/C-5 expansion 20%,2033,R-7_Quezon_Ave,Radial,289685.5922964103,221415.9,1.3083323839724712,High,High,False,2026,"Synthetic scenario, not measured"
EDSA/C-5 expansion 20%,2033,R-8_A.Bonifacio,Radial,174451.784167831,157271.7,1.109238242912304,High,Medium,True,2030,"Synthetic scenario, not measured"
EDSA/C-5 expansion 20%,2033,R-9_Rizal_Ave,Radial,129258.27995225134,137715.9,0.9385864664301751,Medium,Low,True,2034,"Synthetic scenario, not measured"
EDSA/C-5 expansion 20%,2034,C-1_Recto,Circumferential,131853.79133325475,138632.8,0.9511009756223258,High,Low,True,2034,"Synthetic scenario, not measured"
EDSA/C-5 expansion 20%,2034,C-2_A.Mendoza,Circumferential,115657.13761690786,125526.1,0.9213792001576393,Medium,Low,True,2035,"Synthetic scenario, not measured"
EDSA/C-5 expansion 20%,2034,C-2_Pres.Quirino,Circumferential,243864.05147558605,190810.7,1.2780418051796154,High,High,False,2028,"Synthetic scenario, not measured"
EDSA/C-5 expansion 20%,2034,C-3_Araneta_Ave,Circumferential,172545.30542050765,152771.7,1.1294323845352747,High,Medium,True,2031,"Synthetic scenario, not measured"
EDSA/C-5 expansion 20%,2034,C-4_EDSA,Circumferential,497078.7621841726,401383.8,1.238412617011879,High,High,False,2025,"Synthetic scenario, not measured"
EDSA/C-5 expansion 20%,2034,C-5_CP_Garcia,Circumferential,283436.8331411351,254301.24,1.114571179995564,High,Medium,True,2027,"Synthetic scenario, not measured"
EDSA/C-5 expansion 20%,2034,Marcos_Highway,Highway,332590.916005477,238087.1,1.3969295942765358,High,Medium,True,2026,"Synthetic scenario, not measured"
EDSA/C-5 expansion 20%,2034,McArthur_Highway,Highway,147191.63066795625,145655.7,1.0105449403487556,High,Low,True,2033,"Synthetic scenario, not measured"
EDSA/C-5 expansion 20%,2034,R-10_Del_Pan,Radial,162969.50277373436,156661.3,1.0402665034295921,High,Low,True,2032,"Synthetic scenario, not measured"
EDSA/C-5 expansion 20%,2034,R-1_Roxas_Blvd,Radial,244086.07408956395,186643.9,1.307763468774302,High,Medium,True,2027,"Synthetic scenario, not measured"
EDSA/C-5 expansion 20%,2034,R-2_Taft_Ave,Radial,202091.9976117379,165839.8,1.2185976925426703,High,High,False,2029,"Synthetic scenario, not measured"
EDSA/C-5 expansion 20%,2034,R-3_SSH,Radial,367278.15989691415,257440.7,1.4266514964297181,High,Medium,True,2025,"Synthetic scenario, not measured"
EDSA/C-5 expansion 20%,2034,R-4_Shaw_Blvd,Radial,166835.57928152205,155922.8,1.0699883486027832,High,Low,True,2032,"Synthetic scenario, not measured"
EDSA/C-5 expansion 20%,2034,R-5_Ortigas_Ave,Radial,237259.10162401482,190062.7,1.248320168155113,High,High,False,2028,"Synthetic scenario, not measured"
EDSA/C-5 expansion 20%,2034,R-6_Aurora_Blvd,Radial,172190.27729146267,156577.8,1.0997106696572738,High,Low,True,2031,"Synthetic scenario, not measured"
EDSA/C-5 expansion 20%,2034,R-6_Magsaysay_Blvd,Radial,195110.1740325577,164113.1,1.1888762934376214,High,Low,True,2029,"Synthetic scenario, not measured"
EDSA/C-5 expansion 20%,2034,R-7_Commonwealth,Radial,491538.3022816802,337508.5,1.4563731055119506,High,High,False,2025,"Synthetic scenario, not measured"
EDSA/C-5 expansion 20%,2034,R-7_Quezon_Ave,Radial,302721.44394974876,221415.9,1.3672073412512324,High,High,False,2026,"Synthetic scenario, not measured"
EDSA/C-5 expansion 20%,2034,R-8_A.Bonifacio,Radial,182302.11445538342,157271.7,1.1591539638433577,High,Medium,True,2030,"Synthetic scenario, not measured"
EDSA/C-5 expansion 20%,2034,R-9_Rizal_Ave,Radial,135074.90255010262,137715.9,0.9808228574195327,High,Low,True,2034,"Synthetic scenario, not measured"
EDSA/C-5 expansion 20%,2035,C-1_Recto,Circumferential,137787.2119432512,138632.8,0.9939005195253303,High,Low,True,2034,"Synthetic scenario, not measured"
EDSA/C-5 expansion 20%,2035,C-2_A.Mendoza,Circumferential,120861.70880966872,125526.1,0.9628412641647333,High,High,False,2035,"Synthetic scenario, not measured"
EDSA/C-5 expansion 20%,2035,C-2_Pres.Quirino,Circumferential,254837.9337919874,190810.7,1.335553686412698,High,High,False,2028,"Synthetic scenario, not measured"
EDSA/C-5 expansion 20%,2035,C-3_Araneta_Ave,Circumferential,180309.84416443048,152771.7,1.180256841839362,High,Medium,True,2031,"Synthetic scenario, not measured"
EDSA/C-5 expansion 20%,2035,C-4_EDSA,Circumferential,519447.3064824603,401383.8,1.2941411847774134,High,High,False,2025,"Synthetic scenario, not measured"
EDSA/C-5 expansion 20%,2035,C-5_CP_Garcia,Circumferential,296191.4906324861,254301.24,1.164726883095364,High,Medium,True,2027,"Synthetic scenario, not measured"
EDSA/C-5 expansion 20%,2035,Marcos_Highway,Highway,347557.5072257235,238087.1,1.45979142601898,High,Medium,True,2026,"Synthetic scenario, not measured"
EDSA/C-5 expansion 20%,2035,McArthur_Highway,Highway,153815.25404801423,145655.7,1.0560194626644492,High,Low,True,2033,"Synthetic scenario, not measured"
EDSA/C-5 expansion 20%,2035,R-10_Del_Pan,Radial,170303.13039855243,156661.3,1.087078496083924,High,Low,True,2032,"Synthetic scenario, not measured"
EDSA/C-5 expansion 20%,2035,R-1_Roxas_Blvd,Radial,255069.94742359428,186643.9,1.3666128248691454,High,Medium,True,2027,"Synthetic scenario, not measured"
EDSA/C-5 expansion 20%,2035,R-2_Taft_Ave,Radial,211186.1375042661,165839.8,1.2734345887070904,High,High,False,2029,"Synthetic scenario, not measured"
EDSA/C-5 expansion 20%,2035,R-3_SSH,Radial,383805.6770922753,257440.7,1.4908508137690555,High,Medium,True,2025,"Synthetic scenario, not measured"
EDSA/C-5 expansion 20%,2035,R-4_Shaw_Blvd,Radial,174343.18034919052,155922.8,1.1181378242899085,High,Low,True,2032,"Synthetic scenario, not measured"
EDSA/C-5 expansion 20%,2035,R-5_Ortigas_Ave,Radial,247935.76119709553,190062.7,1.3044945757220934,High,High,False,2028,"Synthetic scenario, not measured"
EDSA/C-5 expansion 20%,2035,R-6_Aurora_Blvd,Radial,179938.8397695785,156577.8,1.1491976497918512,High,Low,True,2031,"Synthetic scenario, not measured"
EDSA/C-5 expansion 20%,2035,R-6_Magsaysay_Blvd,Radial,203890.1318640228,164113.1,1.2423757266423143,High,Low,True,2029,"Synthetic scenario, not measured"
EDSA/C-5 expansion 20%,2035,R-7_Commonwealth,Radial,513657.52588435577,337508.5,1.5219098952599883,High,High,False,2025,"Synthetic scenario, not measured"
EDSA/C-5 expansion 20%,2035,R-7_Quezon_Ave,Radial,316343.9089274874,221415.9,1.4287316716075376,High,High,False,2026,"Synthetic scenario, not measured"
EDSA/C-5 expansion 20%,2035,R-8_A.Bonifacio,Radial,190505.70960587566,157271.7,1.2113158922163088,High,Medium,True,2030,"Synthetic scenario, not measured"
EDSA/C-5 expansion 20%,2035,R-9_Rizal_Ave,Radial,141153.27316485724,137715.9,1.0249598860034117,High,Low,True,2034,"Synthetic scenario, not measured"
